Designator,Val,Package,Mid X,Mid Y,Rotation,Layer
C1,0.1u,CAP_NONPOL_0402,184.87,-93.81,180,top
C3,1n,CAP_NONPOL_0402,183.17,-92.01,-90,top
C4,1n,CAP_NONPOL_0402,181.97,-106.11,90,top
C5,22u,CAP_NONPOL_0805,184.554817,-89.287746,-45,top
C6,1n,CAP_NONPOL_0402,181.97,-103.91,90,top
C7,0.1u,CAP_NONPOL_0402,160.17,-62.41,180,top
C8,0.1u,CAP_NONPOL_0402,157.07,-58.31,-90,top
C9,0.1u,CAP_NONPOL_0402,160.27,-57.41,0,top
C10,22u,CAP_NONPOL_0805,162.97,-57.01,180,top
C11,0.1u,CAP_NONPOL_0402,103.757742,-69.916371,90,top
C12,0.1u,CAP_NONPOL_0402,94.17,-69.01,135,top
C13,0.1u,CAP_NONPOL_0402,102.62,-69.91,90,top
C14,0.1u,CAP_NONPOL_0402,93.37,-69.81,135,top
C15,1u,CAP_NONPOL_0603,104.62,-123.96,0,top
C16,0.1u,CAP_NONPOL_0402,80.365,-69.985,180,top
C17,47u,CAP_NONPOL_1206,101.57,-57.01,180,top
C18,47u,CAP_NONPOL_1206,83.37,-57.01,180,top
C19,47u,CAP_NONPOL_1206,101.57,-59.71,180,top
C20,47u,CAP_NONPOL_1206,83.37,-59.71,180,top
C21,47u,CAP_NONPOL_1206,101.57,-62.41,180,top
C22,47u,CAP_NONPOL_1206,83.34,-62.415,180,top
C23,0.1u,CAP_NONPOL_0402,119.37,-75.41,180,top
C24,13p,CAP_NONPOL_0402,104.864999,-76.01,0,top
C25,13p,CAP_NONPOL_0402,107.014999,-76.01,180,top
C26,0.1u,CAP_NONPOL_0402,95.77,-84.81,90,top
C27,0.1u,CAP_NONPOL_0402,101.57,-80.01,135,top
C28,0.1u,CAP_NONPOL_0402,103.17,-74.81,-135,top
C29,0.1u,CAP_NONPOL_0402,98.57,-70.21,-135,top
C30,0.1u,CAP_NONPOL_0402,90.52,-72.66,-45,top
C31,22u,CAP_NONPOL_0805,97.77,-68.81,-135,top
C32,0.1u,CAP_NONPOL_0402,91.17,-81.41,45,top
C33,0.1u,CAP_NONPOL_0402,92.17,-82.41,45,top
C34,0.1u,CAP_NONPOL_0402,100.77,-80.81,135,top
C35,0.1u,CAP_NONPOL_0402,100.82,-72.46,-135,top
C36,0.1u,CAP_NONPOL_0402,99.37,-71.01,-135,top
C37,0.1u,CAP_NONPOL_0402,92.57,-70.61,-45,top
C38,22u,CAP_NONPOL_0805,99.97,-82.21,135,top
C39,0.1u,CAP_NONPOL_0402,91.32,-71.86,-45,top
C40,0.1u,CAP_NONPOL_0402,89.47,-79.71,45,top
C41,0.1u,CAP_NONPOL_0402,90.27,-80.51,45,top
C42,0.1u,CAP_NONPOL_0402,188.565,-105.81,-90,top
C43,22u,CAP_NONPOL_0805,201.992254,-88.894817,-135,top
C44,0.1u,CAP_NONPOL_0402,200.07,-90.805,45,top
C45,1n,CAP_NONPOL_0402,181.97,-101.71,90,top
C46,0.1u,CAP_NONPOL_0402,189.865,-105.81,90,top
C47,0.1u,CAP_NONPOL_0402,200.32,-97.36,180,top
C48,13p,CAP_NONPOL_0402,204.775,-98.905001,90,top
C49,13p,CAP_NONPOL_0402,204.77,-96.81,-90,top
C50,0.1u,CAP_NONPOL_0402,194.77,-103.61,90,top
C51,1n,CAP_NONPOL_0402,181.97,-98.21,-90,top
C52,0.1u,CAP_NONPOL_0402,190.12,-103.11,0,top
C53,0.1u,CAP_NONPOL_0402,187.17,-98.104089,-90,top
C54,0.1u,CAP_NONPOL_0402,187.17,-95.31,-90,top
C55,0.1u,CAP_NONPOL_0402,208.27,-103.11,0,top
C56,0.1u,CAP_NONPOL_0402,91.87,-126.71,0,top
C57,10u,CAP_NONPOL_1210,85.62,-126.96,0,top
C58,1u,CAP_NONPOL_0603,97.12,-119.71,0,top
C59,1u,CAP_NONPOL_0805,98.125001,-126.46,0,top
C60,10u,CAP_NONPOL_1210,98.12,-137.21,0,top
C61,10n,CAP_NONPOL_0402,93.37,-132.96,0,top
C62,0.1u,CAP_NONPOL_0402,100.62,-133.96,-90,top
C63,1u,CAP_NONPOL_0603,167.37,-101.81,90,top
C64,10u,CAP_NONPOL_1210,106.115,-116.91,90,top
C65,10u,CAP_NONPOL_1210,103.87,-104.61,90,top
C66,10u,CAP_NONPOL_1210,107.62,-129.11,90,top
C67,22u,CAP_NONPOL_0805,216.97,-82.81,180,top
C68,22u,CAP_NONPOL_0805,213.97,-84.81,0,top
C69,0.1u,CAP_NONPOL_0402,113.62,-130.915,0,top
C70,0.1u,CAP_NONPOL_0402,112.12,-118.615,0,top
C71,0.1u,CAP_NONPOL_0402,109.97,-106.41,0,top
C72,0.1u,CAP_NONPOL_0402,108.67,-89.66,180,top
C73,1u,CAP_NONPOL_0603,102.37,-111.71,0,top
C74,0.1u,CAP_NONPOL_0402,214.37,-79.81,0,top
C75,0.1u,CAP_NONPOL_0402,210.67,-106.21,180,top
C76,22u,CAP_NONPOL_0805,216.97,-69.61,180,top
C77,22u,CAP_NONPOL_0805,213.77,-69.61,0,top
C78,22u,CAP_NONPOL_0805,213.97,-82.81,0,top
C79,0.1u,CAP_NONPOL_0402,169.47,-88.76,-90,top
C80,22u,CAP_NONPOL_0805,179.47,-90.96,180,top
C81,0.1u,CAP_NONPOL_0402,178.97,-87.01,180,top
C82,0.1u,CAP_NONPOL_0402,178.97,-88.21,180,top
C83,0.1u,CAP_NONPOL_0402,178.964999,-89.405,180,top
C84,1u,CAP_NONPOL_0805,149.07,-96.41,-90,top
C85,0.1u,CAP_NONPOL_0402,192.243068,-90.783073,180,top
C86,0.1u,CAP_NONPOL_0402,155.42,-90.61,90,top
C87,0.1u,CAP_NONPOL_0402,169.07,-85.81,0,top
C88,0.1u,CAP_NONPOL_0402,174.97,-78.51,180,top
C89,1n,CAP_NONPOL_0402,175.07,-82.81,0,top
C90,0.1u,CAP_NONPOL_0402,143.07,-57.71,90,top
C91,0.1u,CAP_NONPOL_0402,129.57,-56.86,90,top
C92,0.1u,CAP_NONPOL_0402,139.77,-52.71,180,top
C93,22u,CAP_NONPOL_0805,140.195,-55.515,180,top
C94,0.1u,CAP_NONPOL_0402,135.87,-56.96,90,top
C95,0.1u,CAP_NONPOL_0402,124.57,-65.41,90,top
C96,0.1u,CAP_NONPOL_0402,124.57,-62.885,90,top
C97,0.1u,CAP_NONPOL_0402,103.97,-65.01,90,top
C98,0.1u,CAP_NONPOL_0402,106.77,-70.36,90,top
C99,0.1u,CAP_NONPOL_0402,88.57,-78.81,45,top
C100,0.1u,CAP_NONPOL_0402,221.17,-66.36,0,top
C102,0.1u,CAP_NONPOL_0402,224.07,-73.01,0,top
C103,1u,CAP_NONPOL_0805,215.57,-110.725,180,top
C104,10p,CAP_NONPOL_0402,221.97,-103.21,0,top
C105,10p,CAP_NONPOL_0402,219.77,-103.21,180,top
C106,1u,CAP_NONPOL_0603,105.87,-136.21,0,top
C107,0.1u,CAP_NONPOL_0402,222.77,-110.41,-90,top
C108,22u,CAP_NONPOL_0805,216.97,-84.81,180,top
C109,0.1u,CAP_NONPOL_0402,214.17,-71.21,0,top
C110,0.1u,CAP_NONPOL_0402,183.72,-59.91,-90,top
C111,0.1u,CAP_NONPOL_0402,216.464999,-71.205,180,top
C112,0.1u,CAP_NONPOL_0402,183.77,-61.96,90,top
C113,0.1u,CAP_NONPOL_0402,214.37,-81.01,0,top
C114,10n,CAP_NONPOL_0402,109.12,-137.21,180,top
C115,0.1u,CAP_NONPOL_0402,216.57,-81.01,180,top
C116,0.1u,CAP_NONPOL_0402,216.57,-79.81,180,top
C117,0.1u,CAP_NONPOL_0402,160.675,-51.104999,90,top
C118,22u,CAP_NONPOL_0805,167.07,-90.01,0,top
C119,0.1u,CAP_NONPOL_0402,158.87,-45.81,180,top
C120,22u,CAP_NONPOL_0805,159.37,-48.61,180,top
C121,0.1u,CAP_NONPOL_0402,147.97,-49.71,90,top
C122,0.1u,CAP_NONPOL_0402,154.07,-50.41,90,top
C123,10n,CAP_NONPOL_0402,107.62,-124.96,180,top
C124,1u,CAP_NONPOL_0805,120.57,-85.01,180,top
C125,0.1u,CAP_NONPOL_0402,120.064999,-86.605,180,top
C127,22u,CAP_NONPOL_0805,152.995,-85.91,180,top
C128,0.1u,CAP_NONPOL_0402,152.495,-84.31,180,top
C132,22u,CAP_NONPOL_0805,160.77,-91.11,-90,top
C133,0.1u,CAP_NONPOL_0402,164.57,-100.96,-90,top
C134,0.1u,CAP_NONPOL_0402,161.72,-100.21,180,top
C135,220p,CAP_NONPOL_0402,155.200001,-86.61,90,top
C136,22p,CAP_NONPOL_0402,156.4,-84.51,90,top
C137,560p,CAP_NONPOL_0402,152.975,-73.31,-90,top
C138,1u,CAP_NONPOL_0805,140.274999,-72.81,90,top
C139,1u,CAP_NONPOL_0805,142.275,-72.81,90,top
C140,1u,CAP_NONPOL_0805,153.275,-64.31,-90,top
C141,1u,CAP_NONPOL_0805,151.075,-64.31,-90,top
C142,0.1u,CAP_NONPOL_0402,147.575,-68.51,180,top
C143,0.1u,CAP_NONPOL_0402,147.575001,-67.01,0,top
C144,22u,CAP_NONPOL_0805,153.07,-96.41,-90,top
C146,0.1u,CAP_NONPOL_0402,151.17,-101.21,-90,top
C147,22p,CAP_NONPOL_0402,156.395,-82.31,-90,top
C148,0.1u,CAP_NONPOL_0402,147.57,-101.21,-90,top
C151,22p,CAP_NONPOL_0402,152.064999,-71.210001,-90,top
C152,100p,CAP_NONPOL_0402,148.475,-71.61,90,top
C153,0.1u,CAP_NONPOL_0402,149.37,-101.21,-90,top
C154,22u,CAP_NONPOL_0805,151.07,-96.41,-90,top
C155,0.1u,CAP_NONPOL_0402,147.075,-73.41,0,top
C156,22u,CAP_NONPOL_0805,174.969999,-102.61,180,top
C157,100p,CAP_NONPOL_0402,169.87,-101.56,90,top
C158,0.1u,CAP_NONPOL_0402,174.47,-101.06,180,top
C160,0.1u,CAP_NONPOL_0402,166.02,-102.01,90,top
C162,22u,CAP_NONPOL_0805,145.87,-100.71,-90,top
C163,22u,CAP_NONPOL_0805,143.87,-100.71,-90,top
C164,0.1u,CAP_NONPOL_0402,141.37,-94.96,180,top
C165,22u,CAP_NONPOL_0805,137.12,-93.11,-90,top
C166,22u,CAP_NONPOL_0805,139.12,-93.11,-90,top
C167,10n,CAP_NONPOL_0402,105.614999,-112.705,180,top
C168,0.1u,CAP_NONPOL_0402,116.27,-133.96,90,top
C169,0.1u,CAP_NONPOL_0402,114.77,-121.704999,90,top
C170,0.1u,CAP_NONPOL_0402,112.57,-109.454999,90,top
C172,22u,CAP_NONPOL_0805,110.27,-82.11,180,top
C173,13p,CAP_NONPOL_0402,106.109998,-134.65,180,top
C174,13p,CAP_NONPOL_0402,104.57,-122.41,180,top
C175,13p,CAP_NONPOL_0402,102.37,-110.26,180,top
C178,22u,CAP_NONPOL_0805,123.87,-136.31,90,top
C179,22u,CAP_NONPOL_0805,122.37,-119.41,-90,top
C180,22u,CAP_NONPOL_0805,120.17,-107.21,-90,top
C181,22u,CAP_NONPOL_0805,123.87,-131.51,-90,top
C182,22u,CAP_NONPOL_0805,122.365,-124.285,90,top
C183,22u,CAP_NONPOL_0805,120.17,-112.01,90,top
C187,0.1u,CAP_NONPOL_0402,130.12,-136.71,90,top
C188,0.1u,CAP_NONPOL_0402,129.37,-123.96,-135,top
C189,0.1u,CAP_NONPOL_0402,126.37,-112.81,90,top
C191,1n,CAP_NONPOL_0402,126.37,-94.21,0,top
C192,1n,CAP_NONPOL_0402,127.52,-101.41,90,top
C193,1n,CAP_NONPOL_0402,125.92,-101.41,90,top
C195,1u,CAP_NONPOL_0805,211.27,-132.81,90,top
C196,10u,CAP_NONPOL_0805,213.27,-132.81,90,top
C197,0.1u,CAP_NONPOL_0402,209.67,-132.41,90,top
C198,10u,CAP_NONPOL_0805,222.865,-132.785,90,top
C199,1u,CAP_NONPOL_0805,224.865,-132.785,90,top
C200,0.1u,CAP_NONPOL_0402,226.465,-132.385,90,top
C201,1n,CAP_NONPOL_0402,124.32,-101.41,90,top
C202,0.1u,CAP_NONPOL_0402,122.57,-90.81,-90,top
C203,0.1u,CAP_NONPOL_0402,72.77,-103.41,180,top
C204,0.1u,CAP_NONPOL_0402,72.77,-100.41,180,top
C205,1u,CAP_NONPOL_0805,75.57,-103.01,-90,top
C206,1u,CAP_NONPOL_0805,92.97,-97.66,180,top
C207,1u,CAP_NONPOL_0805,92.97,-95.66,180,top
C208,0.1u,CAP_NONPOL_0402,96.97,-91.065,-90,top
C209,1u,CAP_NONPOL_0805,92.945,-93.565,0,top
C210,1u,CAP_NONPOL_0805,92.945,-91.665,0,top
C211,0.1u,CAP_NONPOL_0402,104.97,-91.11,-90,top
C212,0.1u,CAP_NONPOL_0402,100.18,-88.815,0,top
C213,1u,CAP_NONPOL_0805,106.57,-90.61,-90,top
C214,0.1u,CAP_NONPOL_0402,99.87,-96.81,0,top
C215,1u,CAP_NONPOL_0805,99.37,-98.41,0,top
C216,10u,CAP_NONPOL_0805,99.675,-87.21,0,top
C217,0.1u,CAP_NONPOL_0402,105.465001,-95.66,180,top
C218,0.1u,CAP_NONPOL_0402,135.57,-79.81,-90,top
C219,10u,CAP_NONPOL_1210,75.42,-129.005,0,top
C221,0.1u,CAP_NONPOL_0402,135.57,-73.385,-90,top
C228,0.1u,CAP_NONPOL_0402,223.17,-96.81,-90,top
C229,0.1u,CAP_NONPOL_0402,183.47,-131.01,90,top
C230,22u,CAP_NONPOL_0805,182.77,-136.51,90,top
C231,0.1u,CAP_NONPOL_0402,186.77,-136.01,90,top
C232,0.1u,CAP_NONPOL_0402,185.57,-136.01,90,top
C233,0.1u,CAP_NONPOL_0402,183.97,-122.21,90,top
C234,0.1u,CAP_NONPOL_0402,185.07,-118.11,-90,top
C235,22u,CAP_NONPOL_0805,183.07,-120.11,0,top
C236,0.1u,CAP_NONPOL_0402,186.37,-122.21,90,top
C237,0.1u,CAP_NONPOL_0402,185.17,-122.21,90,top
C238,0.1u,CAP_NONPOL_0402,184.37,-136.01,90,top
C239,0.1u,CAP_NONPOL_0402,186.37,-118.11,-90,top
C240,0.1u,CAP_NONPOL_0402,199.32,-56.96,-90,top
C241,0.1u,CAP_NONPOL_0402,200.419999,-56.96,-90,top
C242,10u,CAP_NONPOL_1210,109.37,-116.91,90,top
C243,10u,CAP_NONPOL_1210,107.17,-104.61,90,top
C245,10u,CAP_NONPOL_1210,110.87,-129.11,90,top
C248,10u,CAP_NONPOL_1210,85.62,-130.21,0,top
C252,0.1u,CAP_NONPOL_0402,88.17,-119.31,180,top
C253,0.1u,CAP_NONPOL_0402,195.065,-105.81,-90,top
D1,ESD7016MUTAG,UDFN8,178.529998,-109.31,180,top
D2,ESD7016MUTAG,UDFN8,170.57,-58.61,0,top
D3,ESD7016MUTAG,UDFN8,94.97,-57.41,0,top
D4,ESD7016MUTAG,UDFN8,77.17,-57.41,0,top
D5,BAT42WS-TP,SOD-323,150.445,-88.06,90,top
D6,BAT42WS-TP,SOD-323,189.87,-112.81,90,top
D7,BAT42WS-TP,SOD-323,187.77,-112.81,90,top
D8,SMAJ12CA,DO-214AC,75.32,-125.71,0,top
D9,MMSZ5242B-TP,SOD-123,92.465001,-136.305,-90,top
D10,BAT42WS-TP,SOD-323,211.67,-110.225,90,top
D11,ESD7016MUTAG,UDFN8,200.27,-125.31,0,top
D12,ESD7016MUTAG,UDFN8,136.47,-54.21,0,top
D13,ESD7016MUTAG,UDFN8,117.9,-70.5,0,top
D14,ESD7016MUTAG,UDFN8,111.1,-70.57,0,top
D15,ESD7016MUTAG,UDFN8,130.87,-54.21,0,top
D16,BAT42WS-TP,SOD-323,224.37,-99.41,90,top
D17,ESD7016MUTAG,UDFN8,148.97,-47.21,0,top
D18,ESD7016MUTAG,UDFN8,185.77,-130.07,-90,top
D19,ESD7016MUTAG,UDFN8,154.67,-47.21,0,top
D20,D1213A-02SOL-7,SOT-23-3,220.37,-81.91,90,top
D21,ESD7016MUTAG,UDFN8,158.77,-100.81,180,top
D22,ESD7016MUTAG,UDFN8,155.17,-100.81,180,top
D23,ESD7016MUTAG,UDFN8,116.07,-88.205001,180,top
D24,BAT42WS-TP,SOD-323,148.274999,-63.31,180,top
D25,BAT42WS-TP,SOD-323,144.975,-70.11,180,top
D26,BAT42WS-TP,SOD-323,144.975,-71.91,0,top
D27,BAT42WS-TP,SOD-323,148.274999,-65.21,0,top
D28,BAT42WS-TP,SOD-323,140.695,-88.41,180,top
D30,SK34A-LTP,DO-214AC,139.62,-101.71,180,top
D31,MMSZ5231B,SOD-123,127.62,-131.11,0,top
D32,MMSZ5226B,SOD-123,126.17,-119.21,0,top
D33,DDZ9678-7,SOD-123,123.77,-107.21,0,top
D34,LTST-C190KGKT,LED_0603,123.57,-88.81,0,top
D35,D1213A-02SOL-7,SOT-23-3,220.37,-85.31,90,top
D38,LTST-C190KGKT,LED_0603,231.17,-97.41,180,top
D39,LTST-C190KGKT,LED_0603,231.17,-95.81,180,top
D40,LTST-C190KGKT,LED_0603,231.17,-99.01,0,top
D41,LTST-C190KGKT,LED_0603,231.17,-100.61,180,top
D42,D1213A-02SOL-7,SOT-23-3,207.07,-92.08,90,top
D43,LTST-C190KGKT,LED_0603,69.97,-136.41,90,top
D44,D1213A-02SOL-7,SOT-23-3,89.37,-92.61,-90,top
D45,D1213A-02SOL-7,SOT-23-3,90.07,-87.51,135,top
D46,D1213A-02SOL-7,SOT-23-3,213.385585,-88.51,180,top
D47,LTST-C190KGKT,LED_0603,177.67,-137.71,0,top
D48,D1213A-02SOL-7,SOT-23-3,75.625,-109.585,-90,top
D49,D1213A-02SOL-7,SOT-23-3,221.82,-93.21,180,top
F1,MINISMDC050F-2,PTC_1812,87.37,-69.71,45,top
F2,MINISMDC050F-2,PTC_1812,71.895001,-69.71,45,top
F3,MINISMDC260F/16-2,PTC_1812,80.825,-127.61,-90,top
F4,MINISMDC260F/16-2,PTC_1812,69.82,-127.61,-90,top
FID1,~,FIDUCIAL,81.725,-106.11,0,top
FID2,~,FIDUCIAL,224.92,-136.735,0,top
FID3,~,FIDUCIAL,70.82,-57.61,0,top
FID4,~,FIDUCIAL,223.545,-41.985,0,top
FID5,~,FIDUCIAL,131.62,-99.01,0,top
FID6,~,FIDUCIAL,175.195,-58.485,0,top
HOLE1,MTG_hole_cir_5mm_pad_3mm_drill,MTG_hole_cir_5mm_pad_3mm_drill,63.22,-126.73,0,top
HOLE2,MTG_hole_cir_5mm_pad_3mm_drill,MTG_hole_cir_5mm_pad_3mm_drill,63.22,-51.11,0,top
HOLE3,MTG_hole_cir_5mm_pad_3mm_drill,MTG_hole_cir_5mm_pad_3mm_drill,237.12,-126.73,0,top
HOLE4,MTG_hole_cir_5mm_pad_3mm_drill,MTG_hole_cir_5mm_pad_3mm_drill,237.12,-51.11,0,top
ITEM1,Raspberry PI CM4 and CM5 symbol,rPI_CM4_CM5,205.35,-58.77,180,top
J1,DM3AT-SF-PEJM5,DM3AT-SF-PEJM5,169.07,-47.26,180,top
J2,484050003,484050003,95.12,-47.11,180,top
J3,484050003,484050003,77.12,-47.11,180,top
J4,2086581001,2086581001,133.57,-45.615,180,top
J5,0826-1X1T-32-F,0826-1X1T-32-F,114.14,-52.36,0,top
J7,2998TR,2998TR,228.17,-107.61,-90,top
J8,62684-402100ALF,62684-402100ALF,154.97,-106.7475,0,top
J9,5051101092,5051101092,115.62,-92.535,0,top
J10,PR20206VBNN,HEADER_6P_2_54MM,178.099999,-112.01,180,top
J11,MIKROE-4247,MIKROBUS_SOCKET_TH,218.07,-124.549999,-90,top
J12,RPI_CMx_B,DF40HC(3.0)-100DS-0.4V,207.85,-41.77,0,top
J13,SJ-3523-SMT-TR,SJ-352X-SMT,77.269999,-94.16,-90,top
J14,SJ-3523-SMT-TR,SJ-352X-SMT,77.27,-82.71,-90,top
J15,694106301002,694106301002,74.87,-118.51,-90,top
J16,12401598E4#2A,12401598E4#2A,226.9125,-85,90,top
J17,5051102291,5051102291,151.82,-41.6975,180,top
J19,RPI_CMx_A,DF40HC(3.0)-100DS-0.4V,207.85,-75.77,0,top
J21,61300311121,HEADER_3P_2_54MM,214.785585,-94.438427,0,top
J22,61300311121,HEADER_3P_2_54MM,214.78,-91.61,0,top
J23,MDT420M03001,MDT420M03001,190.8,-127.26,-90,top
J24,SM04B-SRSS-TB,SM04B-SRSS-TB,72.67,-106.935,-90,top
L1,PA5003.332NLT,PA5003,119.87,-133.96,0,top
L2,PA5003.222NLT,PA5003,118.37,-121.81,0,top
L3,PA5003.152NLT,PA5003,116.17,-109.61,0,top
L4,PA5003.332NLT,PA5003,146.345,-86.91,180,top
L5,PA5003.472NLT,PA5003,137.12,-97.46,-90,top
L6,CM7060P701R-10,CM7060,75.515001,-134.905,90,top
MTG**,Untitled,SLOT_TH_20_5mm,155,-114.3175,0,top
MTG**,Untitled,SLOT_TH_5_5mm,115.25,-99.485,0,top
MTG1,9774030151R,9774030151R,229.35,-42.27,180,top
MTG2,9774030151R,9774030151R,229.35,-75.27,180,top
MTG3,9774030151R,9774030151R,181.35,-75.27,180,top
MTG4,9774030151R,9774030151R,181.35,-42.27,180,top
MTG9,9774025243R,9774025243R,132.545,-127.26,0,top
Q1,DMPH6050SK3-13,TO-252-3,85.415001,-135.405,90,top
Q2,2N7002,SOT-23-3,92.62,-129.21,180,top
Q3,2N7002,SOT-23-3,94.87,-125.71,90,top
Q4,2N7002,SOT-23-3,153.47,-53.11,-90,top
Q5,2N7002,SOT-23-3,150.17,-53.11,90,top
Q6,2N7002,SOT-23-3,154.67,-56.51,180,top
Q7,2N7002,SOT-23-3,101.62,-130.71,-90,top
Q8,2N7002,SOT-23-3,127.57,-91.21,0,top
Q9,2N7002,SOT-23-3,132.57,-87.41,180,top
Q10,"SSM3K56FS,LF",SC-75,164.895,-86.11,90,top
Q11,"SSM3K56FS,LF",SC-75,164.895,-82.81,90,top
Q12,2N7002,SOT-23-3,221.17,-69.91,180,top
Q13,2N7002,SOT-23-3,128.77,-87.41,0,top
Q14,2N7002,SOT-23-3,144.295,-78.11,-90,top
Q15,2N7002,SOT-23-3,144.095,-81.61,180,top
Q16,DMP3030SN-7,SOT-23-3,141.895,-85.76,180,top
Q18,MMBT3904-7-F,SOT-23-3,152.275,-67.709999,90,top
Q19,2N7002,SOT-23-3,93.87,-118.96,0,top
Q20,2N7002,SOT-23-3,94.87,-122.21,0,top
Q21,2N7002,SOT-23-3,215.17,-106.71,0,top
Q22,"SSM3K56FS,LF",SC-75,216.57,-66.01,0,top
Q23,"SSM3K56FS,LF",SC-75,213.97,-66.21,90,top
Q24,2N7002,SOT-23-3,93.87,-115.71,0,top
Q25,2N7002,SOT-23-3,202.87,-109.01,-90,top
Q26,2N7002,SOT-23-3,207.77,-108.01,0,top
R1,10K,RES_0402,182.77,-93.81,180,top
R2,22R,RES_0402,207.57,-70.61,90,top
R3,22R,RES_0402,184.87,-97.36,180,top
R4,22R,RES_0402,202.47,-96.41,0,top
R5,10K,RES_0402,189.865,-107.91,-90,top
R6,10K,RES_0402,188.565,-107.91,-90,top
R7,30K1,RES_0402,180.27,-92.51,180,top
R8,10K,RES_0402,181.97,-92.01,-90,top
R9,10K,RES_0402,147.22,-51.935,180,top
R10,10K,RES_0402,151.67,-55.41,180,top
R11,10K,RES_0402,157.47,-55.51,0,top
R12,10K,RES_0402,155.37,-60.01,0,top
R13,0R,RES_0402,155.375,-58.815,0,top
R14,1Meg,RES_0402,158.365,-58.314999,-90,top
R15,10K,RES_0402,160.27,-56.21,0,top
R16,10K,RES_0402,89.77,-96.01,0,top
R17,10K,RES_0402,89.77,-97.21,0,top
R18,4K7,RES_0402,69.975,-133.31,90,top
R19,10K,RES_0402,208.77,-70.61,90,top
R20,22R,RES_0402,201.57,-70.61,90,top
R21,100K,RES_0402,96.62,-114.71,180,top
R22,10K,RES_0402,208.27,-104.41,180,top
R23,22R,RES_0402,198.965,-105.81,-90,top
R24,0R,RES_0402,214.37,-103.01,0,top
R25,10K,RES_0402,96.62,-117.96,0,top
R26,10K,RES_0402,91.37,-120.21,-90,top
R27,10K,RES_0402,91.87,-121.96,180,top
R28,0R,RES_0402,214.37,-101.81,180,top
R29,0R,RES_0402,91.87,-123.21,180,top
R30,1Meg,RES_0402,213.37,-110.725,-90,top
R31,10K,RES_0402,215.375,-104.31,0,top
R32,0R,RES_0402,75.57,-61.51,-90,top
R33,0R,RES_0402,76.77,-61.51,-90,top
R34,0R,RES_0402,72.47,-61.51,-90,top
R35,0R,RES_0402,73.67,-61.51,-90,top
R36,0R,RES_0402,78.665,-61.51,-90,top
R37,0R,RES_0402,79.87,-61.51,-90,top
R38,0R,RES_0402,93.77,-61.51,-90,top
R39,0R,RES_0402,94.97,-61.51,-90,top
R40,0R,RES_0402,90.67,-61.51,-90,top
R41,0R,RES_0402,91.87,-61.51,-90,top
R42,0R,RES_0402,96.87,-61.51,-90,top
R43,0R,RES_0402,98.07,-61.51,-90,top
R44,0R,RES_0402,77.565,-69.585,-90,top
R45,0R,RES_0402,75.965,-70.585,0,top
R46,10K,RES_0402,78.765,-69.585,-90,top
R47,10K,RES_0402,75.965,-71.785,0,top
R48,10K,RES_0402,82.165,-74.185,0,top
R49,10K,RES_0402,76.965,-74.185,180,top
R50,1K6,RES_0402,102.37,-74.01,-135,top
R51,10K,RES_0402,87.82,-73.56,180,top
R52,10K,RES_0402,119.37,-76.81,180,top
R53,1Meg,RES_0402,102.87,-78.16,90,top
R54,10K,RES_0402,119.37,-78.21,0,top
R55,10K,RES_0402,109.17,-75.405,0,top
R56,10K,RES_0402,109.17,-76.805,0,top
R57,10K,RES_0402,119.37,-79.61,180,top
R58,0R,RES_0603,68.12,-51.71,-90,top
R59,0R,RES_0603,86.12,-51.71,-90,top
R60,22R,RES_0402,92.97,-83.21,45,top
R61,10K,RES_0402,87.42,-75.31,0,top
R62,10K,RES_0402,192.465,-107.91,-90,top
R63,10K,RES_0402,180.27,-105.61,180,top
R64,100K,RES_0402,183.175,-106.104999,90,top
R65,10K,RES_0402,180.27,-103.41,180,top
R66,10K,RES_0402,183.17,-103.91,90,top
R67,0R,RES_0402,180.27,-101.31,180,top
R68,10K,RES_0402,183.17,-101.71,90,top
R69,10K,RES_0402,195.065002,-107.931321,-90,top
R70,0R,RES_0402,180.27,-98.71,180,top
R71,10K,RES_0402,183.17,-98.21,-90,top
R72,10K,RES_0402,197.665,-105.81,90,top
R73,1Meg,RES_0402,202.87,-98.21,-90,top
R74,10K,RES_0402,184.87,-98.71,180,top
R75,10K,RES_0402,184.87,-101.31,180,top
R76,10K,RES_0402,184.87,-103.41,180,top
R77,10K,RES_0402,184.87,-105.61,180,top
R78,10K,RES_0402,184.87,-92.51,180,top
R79,22R,RES_0402,184.87,-96.06,180,top
R80,22R,RES_0402,191.165,-105.81,-90,top
R81,22R,RES_0402,192.465,-105.81,-90,top
R82,22R,RES_0402,196.365,-105.81,-90,top
R83,4K7,RES_0402,218.87,-113.51,180,top
R84,22R,RES_0402,193.765,-105.81,-90,top
R85,10K,RES_0402,188.07,-88.31,90,top
R86,22R,RES_0402,199.70553,-88.31,90,top
R87,10K,RES_0402,202.533959,-100.01,180,top
R88,0R,RES_0402,73.675,-63.504999,90,top
R89,10K,RES_0402,202.47,-92.51,0,top
R90,22R,RES_0402,125.57,-75.985,180,top
R91,10K,RES_0402,175.07,-80.41,180,top
R92,10K,RES_0402,175.07,-81.61,0,top
R93,10K,RES_0402,177.164999,-81.605,180,top
R94,10K,RES_0402,171.97,-82.41,-90,top
R95,0R,RES_0402,177.17,-82.81,180,top
R96,0R,RES_0402,169.869999,-90.46,0,top
R97,0R,RES_0402,170.37,-82.81,0,top
R98,4K7,RES_0402,164.595,-81.21,0,top
R99,4K7,RES_0402,166.795,-82.81,-90,top
R100,10K,RES_0402,169.47,-79.91,90,top
R101,0R,RES_0603,124.57,-53.31,-90,top
R102,4K7,RES_0402,164.595,-84.51,0,top
R103,4K7,RES_0402,166.795,-86.11,-90,top
R104,10K,RES_0402,137.57,-59.11,0,top
R105,10K,RES_0402,139.77,-53.91,180,top
R106,0R,RES_0603,143.77,-46.11,180,top
R107,470R,RES_0402,108.02,-70.36,90,top
R108,470R,RES_0402,122.27,-70.61,90,top
R109,0R,RES_0402,121.12,-70.61,90,top
R110,10K,RES_0402,93.77,-84.01,-135,top
R111,4K7,RES_0402,77.825,-107.785,90,top
R112,10K,RES_0402,203.57,-83.01,-90,top
R113,10K,RES_0402,203.57,-80.81,-90,top
R114,10K,RES_0402,197.17,-88.31,90,top
R115,22R,RES_0402,201.17,-80.81,-90,top
R116,10K,RES_0402,202.375,-80.81,90,top
R117,0R,RES_0402,72.47,-63.51,90,top
R118,22R,RES_0402,204.77,-80.81,-90,top
R119,10K,RES_0402,205.97,-80.81,-90,top
R120,0R,RES_0402,79.87,-63.51,90,top
R121,22R,RES_0402,207.17,-80.81,-90,top
R122,22R,RES_0402,125.57,-77.385,180,top
R123,22R,RES_0402,135.97,-77.985,0,top
R124,4K7,RES_0402,77.825,-109.985,90,top
R125,22R,RES_0402,208.37,-80.81,-90,top
R126,22R,RES_0402,210.77,-80.81,-90,top
R127,4K7,RES_0402,220.97,-113.51,0,top
R129,0R,RES_0603,67.37,-53.96,0,top
R130,0R,RES_0603,232.77,-126.715,180,top
R131,0R,RES_0603,232.67,-51.115,180,top
R132,10K,RES_0402,220.375,-77.11,0,top
R133,1K,RES_0402,213.77,-109.025,180,top
R134,10K,RES_0402,218.77,-65.21,0,top
R135,0R,RES_0402,78.67,-63.504999,90,top
R136,0R,RES_0402,94.97,-63.51,90,top
R137,22R,RES_0402,211.97,-80.81,-90,top
R138,10K,RES_0402,209.57,-80.81,-90,top
R139,22R,RES_0402,221.17,-67.66,180,top
R140,22R,RES_0402,199.17,-70.61,90,top
R141,22R,RES_0402,200.37,-70.61,90,top
R142,10K,RES_0402,216.57,-68.01,180,top
R143,22R,RES_0402,202.77,-70.61,90,top
R144,0R,RES_0402,93.77,-63.51,90,top
R145,0R,RES_0402,91.87,-63.51,90,top
R146,22R,RES_0402,203.97,-70.61,90,top
R147,10K,RES_0402,205.17,-70.61,-90,top
R148,22R,RES_0402,206.37,-70.61,90,top
R150,0R,RES_0402,90.67,-63.51,90,top
R151,0R,RES_0402,210.57,-70.01,180,top
R152,0R,RES_0402,210.57,-71.21,180,top
R153,10K,RES_0402,205.27,-108.51,90,top
R154,22R,RES_0402,220.37,-74.41,0,top
R155,22R,RES_0402,223.365001,-77.43,180,top
R156,10K,RES_0402,214.22,-68.01,0,top
R157,0R,RES_0402,190.62,-42.205,180,top
R158,30K1,RES_0402,223.77,-102.41,90,top
R159,1K,RES_0402,91.37,-115.21,-90,top
R160,0R,RES_0402,190.605001,-39.71,180,top
R161,0R,RES_0402,190.62,-40.955,180,top
R162,0R,RES_0402,199.32,-60.904999,90,top
R163,0R,RES_0402,200.52,-60.904998,90,top
R164,0R,RES_0402,202.97,-60.91,90,top
R165,0R,RES_0402,204.17,-60.91,90,top
R166,0R,RES_0402,206.52,-60.91,90,top
R167,0R,RES_0402,207.72,-60.91,90,top
R168,0R,RES_0402,192.67,-42.21,0,top
R169,0R,RES_0402,192.67,-39.71,0,top
R170,0R,RES_0402,192.67,-40.96,0,top
R171,0R,RES_0402,199.32,-62.91,-90,top
R172,0R,RES_0402,200.52,-62.904999,-90,top
R173,0R,RES_0402,202.97,-62.91,-90,top
R174,0R,RES_0402,204.17,-62.91,-90,top
R175,0R,RES_0402,206.52,-62.904999,-90,top
R176,0R,RES_0402,207.72,-62.91,-90,top
R177,6K04,RES_0402,186.52,-60.41,0,top
R178,10K,RES_0402,184.92,-59.91,-90,top
R179,10K,RES_0402,202.47,-93.81,0,top
R180,0R,RES_0402,98.07,-63.51,90,top
R181,5K1,RES_0402,220.575,-87.71,0,top
R182,5K1,RES_0402,220.575,-88.915,0,top
R183,0R,RES_0402,96.87,-63.51,90,top
R184,10K,RES_0402,155.67,-52.11,-90,top
R185,10K,RES_0402,141.895,-78.11,90,top
R186,10K,RES_0402,145.295,-75.31,90,top
R187,10K,RES_0402,146.6,-82.11,90,top
R189,10K,RES_0402,163.37,-100.96,-90,top
R190,10K,RES_0402,161.72,-101.41,180,top
R191,0R,RES_0402,76.77,-63.51,90,top
R192,10K,RES_0402,146.595,-75.91,90,top
R193,34K,RES_0402,155.2,-84.51,90,top
R194,169K,RES_0402,141.295,-83.51,180,top
R195,10K,RES_0402,152.07,-99.21,-90,top
R196,10K,RES_0402,155.195,-82.31,-90,top
R197,86K6,RES_0402,157.6,-82.31,90,top
R198,10K,RES_0402,148.47,-99.21,-90,top
R199,10K,RES_0402,151.369999,-72.905,180,top
R200,169K,RES_0402,150.87,-71.210001,-90,top
R201,6K81,RES_0402,154.575001,-67.81,90,top
R202,475K,RES_0402,149.675,-71.61,90,top
R203,82K5,RES_0402,149.225,-73.41,0,top
R204,6K81,RES_0402,150.27,-99.21,-90,top
R205,10K,RES_0402,155.095,-75.71,90,top
R206,4K7,RES_0402,168.67,-101.56,-90,top
R207,2K2,RES_0402,170.369999,-103.51,180,top
R208,10K,RES_0402,143.37,-96.71,90,top
R209,1R5,RES_0603,147.17,-96.81,-90,top
R210,1R5,RES_0603,145.57,-96.81,-90,top
R211,0R,RES_0402,75.57,-63.51,90,top
R214,10K,RES_0402,202.533958,-103.91,0,top
R215,10K,RES_0402,158.87,-47.01,180,top
R216,4K7,RES_0402,225.67,-128.31,180,top
R218,4K7,RES_0402,225.67,-125.81,180,top
R219,22R,RES_0402,202.47,-95.11,0,top
R220,22R,RES_0402,202.533959,-101.315,0,top
R221,22R,RES_0402,202.533958,-102.615,0,top
R222,22R,RES_0402,190.67,-88.31,90,top
R223,22R,RES_0402,189.37,-88.31,90,top
R226,22R,RES_0402,195.87,-88.31,90,top
R227,22R,RES_0402,191.97,-88.31,90,top
R228,22R,RES_0402,202.47,-91.21,0,top
R229,12K,RES_0402,94.62,-138.21,180,top
R230,10K,RES_0402,90.87,-124.955,90,top
R231,10K,RES_0402,92.365,-124.955,-90,top
R232,10K,RES_0402,208.27,-105.71,0,top
R233,0R,RES_0402,92.62,-131.46,0,top
R234,100K,RES_0402,97.62,-124.71,0,top
R235,100K,RES_0402,99.87,-124.71,0,top
R236,0R,RES_0402,118.37,-85.06,90,top
R237,100K,RES_0402,101.12,-136.21,90,top
R238,0R,RES_0402,117.27,-85.06,90,top
R240,30K1,RES_0402,102.62,-127.96,90,top
R241,10K,RES_0402,196.365,-107.914999,-90,top
R242,22R,RES_0402,203.77,-111.86,90,top
R243,22R,RES_0402,225.62,-118.21,0,top
R244,22R,RES_0402,225.62,-120.71,0,top
R245,10K,RES_0402,210.37,-120.71,0,top
R246,10K,RES_0402,97.37,-121.71,-90,top
R248,100K,RES_0402,101.42,-106.16,-90,top
R249,10K,RES_0402,128.12,-107.71,-90,top
R250,33K,RES_0402,106.92,-81.01,0,top
R251,30K1,RES_0402,104.92,-81.01,0,top
R252,124K,RES_0402,106.114999,-133.405,180,top
R253,73K2,RES_0402,104.57,-121.21,180,top
R254,30K1,RES_0402,102.37,-109.06,180,top
R255,22K1,RES_0402,106.114999,-132.155,180,top
R256,22K1,RES_0402,104.57,-120.01,180,top
R257,22K1,RES_0402,102.37,-107.86,180,top
R258,10K,RES_0402,106.92,-79.86,0,top
R260,10K,RES_0402,130.865,-131.714999,-90,top
R261,10K,RES_0402,129.37,-119.71,-90,top
R262,10K,RES_0402,126.97,-107.71,-90,top
R263,0R010,RES_SENSE_1206,127.62,-133.96,0,top
R264,0R010,RES_SENSE_1206,126.12,-122.01,0,top
R265,0R010,RES_SENSE_1206,123.77,-110.01,0,top
R267,1K,RES_0402,128.57,-97.01,0,top
R268,10K,RES_0402,126.37,-95.61,0,top
R269,10K,RES_0402,123.17,-97.01,180,top
R270,10K,RES_0402,135.17,-87.01,90,top
R271,10K,RES_0402,126.37,-88.01,90,top
R272,10K,RES_0402,126.37,-85.81,-90,top
R273,470R,RES_0402,124.57,-90.81,90,top
R275,2K2,RES_0402,72.77,-101.96,0,top
R276,22R,RES_0402,109.07,-93.46,90,top
R277,22R,RES_0402,101.77,-97.81,90,top
R279,10K,RES_0402,107.360001,-95.170001,-90,top
R281,22R,RES_0402,125.57,-74.585,180,top
R283,470R,RES_0402,226.565,-95.81,0,top
R284,470R,RES_0402,226.57,-97.415,0,top
R285,470R,RES_0402,226.57,-99.015,0,top
R286,470R,RES_0402,174.97,-137.71,0,top
R287,470R,RES_0402,226.565,-100.61,0,top
R288,22R,RES_0402,185.67,-134.07,0,top
R289,10K,RES_0402,181.17,-133.37,90,top
R290,0R,RES_0402,119.564999,-88.205,-90,top
R305,0R,RES_1206,134.77,-92.61,-90,top
R306,0R,RES_1206,131.97,-92.61,-90,top
R307,22R,RES_0402,135.97,-76.585,0,top
R308,22R,RES_0402,135.97,-75.185,0,top
R309,22R,RES_0402,125.57,-81.01,180,top
R310,22R,RES_0402,125.57,-82.41,180,top
R311,22R,RES_0402,125.57,-83.81,180,top
R312,22R,RES_0402,135.97,-84.41,0,top
R313,22R,RES_0402,135.97,-83.01,0,top
R314,22R,RES_0402,135.97,-81.61,0,top
R315,0R010,RES_SENSE_1206,85.57,-121.71,90,top
S1,Y35A23310FPLFG,Y35A23310FPLFG,228,-92.81,180,top
S2,Y35A23310FPLFG,Y35A23310FPLFG,200.47,-134.71,90,top
U1,PIC32AK1216GC41064-I/M7,64-VQFN-EP(9x9mm),193.77,-97.11,0,top
U3,SE555DR,SOIC-8-150mil,97.12,-131.46,180,top
U4,AP22913W6-7,SOT-23-6,160.57,-60.01,180,top
U6,SST25VF512A,SOIC-8-150mil,114.17,-77.41,-90,top
U7,UPD720202K8-711-BAA-A,48-VFQFN-EP,95.844874,-76.71,45,top
U8,AP2192AFGEG-7,U-DFN3030-8,79.565,-72.785,180,top
U9,TPS54527DDAR,SO-8-150mil-EP,111.47,-134.06,0,top
U10,TPS54527DDAR,SO-8-150mil-EP,109.97,-121.86,0,top
U11,TPS54527DDAR,SO-8-150mil-EP,107.77,-109.61,0,top
U12,TPS7A7001DDAR,SO-8-150mil-EP,106.27,-85.335,90,top
U13,INA180A2IDBVR,SOT-23-5,127.62,-137.21,-90,top
U14,INA180A2IDBVR,SOT-23-5,126.17,-125.21,-90,top
U15,SN65DSI84ZXHR,NFBGA-64,174.07,-87.61,-90,top
U16,SN74LVC1G125DBVR,SOT-23-5,171.97,-79.46,-90,top
U18,AP22913W6-7,SOT-23-6,140.57,-58.11,-90,top
U19,SN74LVC1G125DBVR,SOT-23-5,223.37,-75.11,-90,top
U20,STWD100NYWY3F,SOT-23-5,211.37,-104.01,90,top
U21,MCP7940NT-I/MS,MSOP-8,220.37,-107.81,180,top
U22,FSUSB42UMX,10-UMLP,181.67,-61.26,-90,top
U23,AP22913W6-7,SOT-23-6,158.17,-51.61,-90,top
U24,MAX16928CGUP,TSSOP-20-EP,150.895,-79.06,90,top
U25,TPS79901DRVR,WSON-6-EP,171.945,-101.76,0,top
U26,TPS61169DCKR,SC-70-5,141.37,-97.46,0,top
U27,AP22913W6-7,SOT-23-6,157.87,-91.085,90,top
U28,INA180A2IDBVR,SOT-23-5,123.77,-113.21,-90,top
U30,STM6710DWB6F,SOT-23-6,125.92,-98.21,0,top
U31,SN74LVC1G125DBVR,SOT-23-5,123.57,-93.81,0,top
U32,SN74HCS365QPWRQ1,TSSOP-16-5.8mm,130.77,-75.585,0,top
U33,SGTL5000XNBA3R2,32-HPQFN,100.975,-92.865,-90,top
U34,12MHz,SOT-23-5,106.165001,-97.765,90,top
U35,SN74HCS365QPWRQ1,TSSOP-16-5.8mm,130.77,-82.01,0,top
U36,INA180A2IDBVR,SOT-23-5,88.67,-121.71,0,top
U37,SN74LVC1G14DBVR,SOT-23-5,220.77,-98.21,-90,top
U38,ASAK-32.768KHZ-LRS-T,4-SMD_2mmx1_6mm,182.97,-133.37,-90,top
X1,CMM-3729AT-42308-TR,CMM-3729AT-42308-TR,69.45,-102.061,-90,top
Y1,24MHz,4-SMD_2mmx1_6mm,105.945,-73.685,0,top
Y2,32.768kHz,2-SMD_3_2mmx1_5mm,220.77,-101.21,0,top
Y3,20MHz,4-SMD_2mmx1_6mm,207.27,-98.31,-135,top
