Ref,Val,Package,PosX,PosY,Rot,Side
"TP1","28 mils","SMT_TP_28_MILS",125.920000,-98.210000,180.000000,bottom
"TP2","28 mils","SMT_TP_28_MILS",133.520000,-80.560000,180.000000,bottom
"TP3","28 mils","SMT_TP_28_MILS",124.370000,-83.360000,180.000000,bottom
"TP4","28 mils","SMT_TP_28_MILS",108.320000,-80.610000,180.000000,bottom
"TP5","28 mils","SMT_TP_28_MILS",130.570000,-109.710000,180.000000,bottom
"TP6","28 mils","SMT_TP_28_MILS",133.320000,-121.060000,180.000000,bottom
"TP7","28 mils","SMT_TP_28_MILS",133.320000,-135.510000,180.000000,bottom
"TP8","28 mils","SMT_TP_28_MILS",101.770000,-125.810000,180.000000,bottom
"TP9","28 mils","SMT_TP_28_MILS",82.520000,-109.660000,180.000000,bottom
"TP10","28 mils","SMT_TP_28_MILS",82.520000,-111.910000,180.000000,bottom
"TP11","28 mils","SMT_TP_28_MILS",127.099808,-137.310000,180.000000,bottom
"TP12","28 mils","SMT_TP_28_MILS",125.501065,-124.260000,180.000000,bottom
"TP13","28 mils","SMT_TP_28_MILS",123.070000,-112.260000,180.000000,bottom
"TP14","28 mils","SMT_TP_28_MILS",87.720000,-122.560000,180.000000,bottom
"TP15","28 mils","SMT_TP_28_MILS",106.520000,-132.660000,180.000000,bottom
"TP16","28 mils","SMT_TP_28_MILS",101.920000,-128.660000,180.000000,bottom
"TP17","28 mils","SMT_TP_28_MILS",97.120000,-112.110000,180.000000,bottom
"TP18","28 mils","SMT_TP_28_MILS",94.420000,-124.460000,180.000000,bottom
"TP19","28 mils","SMT_TP_28_MILS",194.970000,-108.310000,180.000000,bottom
"TP20","28 mils","SMT_TP_28_MILS",219.620000,-104.610000,180.000000,bottom
"TP21","28 mils","SMT_TP_28_MILS",199.700530,-88.813999,180.000000,bottom
"TP22","28 mils","SMT_TP_28_MILS",215.270000,-69.910000,180.000000,bottom
"TP23","28 mils","SMT_TP_28_MILS",218.670000,-109.060000,180.000000,bottom
"TP24","28 mils","SMT_TP_28_MILS",230.370000,-102.910000,180.000000,bottom
"TP25","28 mils","SMT_TP_28_MILS",196.670000,-88.460000,180.000000,bottom
"TP26","28 mils","SMT_TP_28_MILS",218.220000,-111.625000,180.000000,bottom
"TP27","28 mils","SMT_TP_28_MILS",221.370000,-111.610000,180.000000,bottom
"TP28","28 mils","SMT_TP_28_MILS",154.370000,-95.560000,180.000000,bottom
"TP29","28 mils","SMT_TP_28_MILS",142.520000,-103.185000,180.000000,bottom
"TP30","28 mils","SMT_TP_28_MILS",145.977032,-97.974153,180.000000,bottom
"TP31","28 mils","SMT_TP_28_MILS",163.270000,-103.660000,180.000000,bottom
"TP32","28 mils","SMT_TP_28_MILS",161.270000,-100.010000,180.000000,bottom
"TP33","28 mils","SMT_TP_28_MILS",153.120000,-97.660000,180.000000,bottom
"TP34","28 mils","SMT_TP_28_MILS",149.070000,-97.610000,180.000000,bottom
"TP35","28 mils","SMT_TP_28_MILS",151.120000,-97.610000,180.000000,bottom
"TP36","28 mils","SMT_TP_28_MILS",170.920000,-100.110000,180.000000,bottom
"TP37","28 mils","SMT_TP_28_MILS",110.270000,-92.372500,180.000000,bottom
"TP38","28 mils","SMT_TP_28_MILS",112.020000,-92.510000,180.000000,bottom
"TP39","28 mils","SMT_TP_28_MILS",102.856917,-95.610000,180.000000,bottom
"TP40","28 mils","SMT_TP_28_MILS",105.820000,-95.460000,180.000000,bottom
"TP41","28 mils","SMT_TP_28_MILS",199.620000,-107.210000,180.000000,bottom
"TP42","28 mils","SMT_TP_28_MILS",202.320000,-107.260000,180.000000,bottom
"TP43","28 mils","SMT_TP_28_MILS",205.270000,-104.660000,180.000000,bottom
"TP44","28 mils","SMT_TP_28_MILS",203.628958,-102.310000,180.000000,bottom
"C1","0.1u","CAP_NONPOL_0402",184.870000,-93.810000,180.000000,top
"C3","1n","CAP_NONPOL_0402",183.170000,-92.010000,-90.000000,top
"C4","1n","CAP_NONPOL_0402",181.970000,-106.110000,90.000000,top
"C5","22u","CAP_NONPOL_0805",184.554817,-89.287746,-45.000000,top
"C6","1n","CAP_NONPOL_0402",181.970000,-103.910000,90.000000,top
"C7","0.1u","CAP_NONPOL_0402",160.170000,-62.410000,180.000000,top
"C8","0.1u","CAP_NONPOL_0402",157.070000,-58.310000,-90.000000,top
"C9","0.1u","CAP_NONPOL_0402",160.270000,-57.410000,0.000000,top
"C10","22u","CAP_NONPOL_0805",162.970000,-57.010000,180.000000,top
"C11","0.1u","CAP_NONPOL_0402",103.757742,-69.916371,90.000000,top
"C12","0.1u","CAP_NONPOL_0402",94.170000,-69.010000,135.000000,top
"C13","0.1u","CAP_NONPOL_0402",102.620000,-69.910000,90.000000,top
"C14","0.1u","CAP_NONPOL_0402",93.370000,-69.810000,135.000000,top
"C15","1u","CAP_NONPOL_0603",104.620000,-123.960000,0.000000,top
"C16","0.1u","CAP_NONPOL_0402",80.365000,-69.985000,180.000000,top
"C17","47u","CAP_NONPOL_1206",101.570000,-57.010000,180.000000,top
"C18","47u","CAP_NONPOL_1206",83.370000,-57.010000,180.000000,top
"C19","47u","CAP_NONPOL_1206",101.570000,-59.710000,180.000000,top
"C20","47u","CAP_NONPOL_1206",83.370000,-59.710000,180.000000,top
"C21","47u","CAP_NONPOL_1206",101.570000,-62.410000,180.000000,top
"C22","47u","CAP_NONPOL_1206",83.340000,-62.415000,180.000000,top
"C23","0.1u","CAP_NONPOL_0402",119.370000,-75.410000,180.000000,top
"C24","13p","CAP_NONPOL_0402",104.864999,-76.010000,0.000000,top
"C25","13p","CAP_NONPOL_0402",107.014999,-76.010000,180.000000,top
"C26","0.1u","CAP_NONPOL_0402",95.770000,-84.810000,90.000000,top
"C27","0.1u","CAP_NONPOL_0402",101.570000,-80.010000,135.000000,top
"C28","0.1u","CAP_NONPOL_0402",103.170000,-74.810000,-135.000000,top
"C29","0.1u","CAP_NONPOL_0402",98.570000,-70.210000,-135.000000,top
"C30","0.1u","CAP_NONPOL_0402",90.520000,-72.660000,-45.000000,top
"C31","22u","CAP_NONPOL_0805",97.770000,-68.810000,-135.000000,top
"C32","0.1u","CAP_NONPOL_0402",91.170000,-81.410000,45.000000,top
"C33","0.1u","CAP_NONPOL_0402",92.170000,-82.410000,45.000000,top
"C34","0.1u","CAP_NONPOL_0402",100.770000,-80.810000,135.000000,top
"C35","0.1u","CAP_NONPOL_0402",100.820000,-72.460000,-135.000000,top
"C36","0.1u","CAP_NONPOL_0402",99.370000,-71.010000,-135.000000,top
"C37","0.1u","CAP_NONPOL_0402",92.570000,-70.610000,-45.000000,top
"C38","22u","CAP_NONPOL_0805",99.970000,-82.210000,135.000000,top
"C39","0.1u","CAP_NONPOL_0402",91.320000,-71.860000,-45.000000,top
"C40","0.1u","CAP_NONPOL_0402",89.470000,-79.710000,45.000000,top
"C41","0.1u","CAP_NONPOL_0402",90.270000,-80.510000,45.000000,top
"C42","0.1u","CAP_NONPOL_0402",188.565000,-105.810000,-90.000000,top
"C43","22u","CAP_NONPOL_0805",201.992254,-88.894817,-135.000000,top
"C44","0.1u","CAP_NONPOL_0402",200.070000,-90.805000,45.000000,top
"C45","1n","CAP_NONPOL_0402",181.970000,-101.710000,90.000000,top
"C46","0.1u","CAP_NONPOL_0402",189.865000,-105.810000,90.000000,top
"C47","0.1u","CAP_NONPOL_0402",200.320000,-97.360000,180.000000,top
"C48","13p","CAP_NONPOL_0402",204.775000,-98.905001,90.000000,top
"C49","13p","CAP_NONPOL_0402",204.770000,-96.810000,-90.000000,top
"C50","0.1u","CAP_NONPOL_0402",194.770000,-103.610000,90.000000,top
"C51","1n","CAP_NONPOL_0402",181.970000,-98.210000,-90.000000,top
"C52","0.1u","CAP_NONPOL_0402",190.120000,-103.110000,0.000000,top
"C53","0.1u","CAP_NONPOL_0402",187.170000,-98.104089,-90.000000,top
"C54","0.1u","CAP_NONPOL_0402",187.170000,-95.310000,-90.000000,top
"C55","0.1u","CAP_NONPOL_0402",208.270000,-103.110000,0.000000,top
"C56","0.1u","CAP_NONPOL_0402",91.870000,-126.710000,0.000000,top
"C57","10u","CAP_NONPOL_1210",85.620000,-126.960000,0.000000,top
"C58","1u","CAP_NONPOL_0603",97.120000,-119.710000,0.000000,top
"C59","1u","CAP_NONPOL_0805",98.125001,-126.460000,0.000000,top
"C60","10u","CAP_NONPOL_1210",98.120000,-137.210000,0.000000,top
"C61","10n","CAP_NONPOL_0402",93.370000,-132.960000,0.000000,top
"C62","0.1u","CAP_NONPOL_0402",100.620000,-133.960000,-90.000000,top
"C63","1u","CAP_NONPOL_0603",167.370000,-101.810000,90.000000,top
"C64","10u","CAP_NONPOL_1210",106.115000,-116.910000,90.000000,top
"C65","10u","CAP_NONPOL_1210",103.870000,-104.610000,90.000000,top
"C66","10u","CAP_NONPOL_1210",107.620000,-129.110000,90.000000,top
"C67","22u","CAP_NONPOL_0805",216.970000,-82.810000,180.000000,top
"C68","22u","CAP_NONPOL_0805",213.970000,-84.810000,0.000000,top
"C69","0.1u","CAP_NONPOL_0402",113.620000,-130.915000,0.000000,top
"C70","0.1u","CAP_NONPOL_0402",112.120000,-118.615000,0.000000,top
"C71","0.1u","CAP_NONPOL_0402",109.970000,-106.410000,0.000000,top
"C72","0.1u","CAP_NONPOL_0402",108.670000,-89.660000,180.000000,top
"C73","1u","CAP_NONPOL_0603",102.370000,-111.710000,0.000000,top
"C74","0.1u","CAP_NONPOL_0402",214.370000,-79.810000,0.000000,top
"C75","0.1u","CAP_NONPOL_0402",210.670000,-106.210000,180.000000,top
"C76","22u","CAP_NONPOL_0805",216.970000,-69.610000,180.000000,top
"C77","22u","CAP_NONPOL_0805",213.770000,-69.610000,0.000000,top
"C78","22u","CAP_NONPOL_0805",213.970000,-82.810000,0.000000,top
"C79","0.1u","CAP_NONPOL_0402",169.470000,-88.760000,-90.000000,top
"C80","22u","CAP_NONPOL_0805",179.470000,-90.960000,180.000000,top
"C81","0.1u","CAP_NONPOL_0402",178.970000,-87.010000,180.000000,top
"C82","0.1u","CAP_NONPOL_0402",178.970000,-88.210000,180.000000,top
"C83","0.1u","CAP_NONPOL_0402",178.964999,-89.405000,180.000000,top
"C84","1u","CAP_NONPOL_0805",149.070000,-96.410000,-90.000000,top
"C85","0.1u","CAP_NONPOL_0402",192.243068,-90.783073,180.000000,top
"C86","0.1u","CAP_NONPOL_0402",155.420000,-90.610000,90.000000,top
"C87","0.1u","CAP_NONPOL_0402",169.070000,-85.810000,0.000000,top
"C88","0.1u","CAP_NONPOL_0402",174.970000,-78.510000,180.000000,top
"C89","1n","CAP_NONPOL_0402",175.070000,-82.810000,0.000000,top
"C90","0.1u","CAP_NONPOL_0402",143.070000,-57.710000,90.000000,top
"C91","0.1u","CAP_NONPOL_0402",129.570000,-56.860000,90.000000,top
"C92","0.1u","CAP_NONPOL_0402",139.770000,-52.710000,180.000000,top
"C93","22u","CAP_NONPOL_0805",140.195000,-55.515000,180.000000,top
"C94","0.1u","CAP_NONPOL_0402",135.870000,-56.960000,90.000000,top
"C95","0.1u","CAP_NONPOL_0402",124.570000,-65.410000,90.000000,top
"C96","0.1u","CAP_NONPOL_0402",124.570000,-62.885000,90.000000,top
"C97","0.1u","CAP_NONPOL_0402",103.970000,-65.010000,90.000000,top
"C98","0.1u","CAP_NONPOL_0402",106.770000,-70.360000,90.000000,top
"C99","0.1u","CAP_NONPOL_0402",88.570000,-78.810000,45.000000,top
"C100","0.1u","CAP_NONPOL_0402",221.170000,-66.360000,0.000000,top
"C102","0.1u","CAP_NONPOL_0402",224.070000,-73.010000,0.000000,top
"C103","1u","CAP_NONPOL_0805",215.570000,-110.725000,180.000000,top
"C104","10p","CAP_NONPOL_0402",221.970000,-103.210000,0.000000,top
"C105","10p","CAP_NONPOL_0402",219.770000,-103.210000,180.000000,top
"C106","1u","CAP_NONPOL_0603",105.870000,-136.210000,0.000000,top
"C107","0.1u","CAP_NONPOL_0402",222.770000,-110.410000,-90.000000,top
"C108","22u","CAP_NONPOL_0805",216.970000,-84.810000,180.000000,top
"C109","0.1u","CAP_NONPOL_0402",214.170000,-71.210000,0.000000,top
"C110","0.1u","CAP_NONPOL_0402",183.720000,-59.910000,-90.000000,top
"C111","0.1u","CAP_NONPOL_0402",216.464999,-71.205000,180.000000,top
"C112","0.1u","CAP_NONPOL_0402",183.770000,-61.960000,90.000000,top
"C113","0.1u","CAP_NONPOL_0402",214.370000,-81.010000,0.000000,top
"C114","10n","CAP_NONPOL_0402",109.120000,-137.210000,180.000000,top
"C115","0.1u","CAP_NONPOL_0402",216.570000,-81.010000,180.000000,top
"C116","0.1u","CAP_NONPOL_0402",216.570000,-79.810000,180.000000,top
"C117","0.1u","CAP_NONPOL_0402",160.675000,-51.104999,90.000000,top
"C118","22u","CAP_NONPOL_0805",167.070000,-90.010000,0.000000,top
"C119","0.1u","CAP_NONPOL_0402",158.870000,-45.810000,180.000000,top
"C120","22u","CAP_NONPOL_0805",159.370000,-48.610000,180.000000,top
"C121","0.1u","CAP_NONPOL_0402",147.970000,-49.710000,90.000000,top
"C122","0.1u","CAP_NONPOL_0402",154.070000,-50.410000,90.000000,top
"C123","10n","CAP_NONPOL_0402",107.620000,-124.960000,180.000000,top
"C124","1u","CAP_NONPOL_0805",120.570000,-85.010000,180.000000,top
"C125","0.1u","CAP_NONPOL_0402",120.064999,-86.605000,180.000000,top
"C127","22u","CAP_NONPOL_0805",152.995000,-85.910000,180.000000,top
"C128","0.1u","CAP_NONPOL_0402",152.495000,-84.310000,180.000000,top
"C132","22u","CAP_NONPOL_0805",160.770000,-91.110000,-90.000000,top
"C133","0.1u","CAP_NONPOL_0402",164.570000,-100.960000,-90.000000,top
"C134","0.1u","CAP_NONPOL_0402",161.720000,-100.210000,180.000000,top
"C135","220p","CAP_NONPOL_0402",155.200001,-86.610000,90.000000,top
"C136","22p","CAP_NONPOL_0402",156.400000,-84.510000,90.000000,top
"C137","560p","CAP_NONPOL_0402",152.975000,-73.310000,-90.000000,top
"C138","1u","CAP_NONPOL_0805",140.274999,-72.810000,90.000000,top
"C139","1u","CAP_NONPOL_0805",142.275000,-72.810000,90.000000,top
"C140","1u","CAP_NONPOL_0805",153.275000,-64.310000,-90.000000,top
"C141","1u","CAP_NONPOL_0805",151.075000,-64.310000,-90.000000,top
"C142","0.1u","CAP_NONPOL_0402",147.575000,-68.510000,180.000000,top
"C143","0.1u","CAP_NONPOL_0402",147.575001,-67.010000,0.000000,top
"C144","22u","CAP_NONPOL_0805",153.070000,-96.410000,-90.000000,top
"C146","0.1u","CAP_NONPOL_0402",151.170000,-101.210000,-90.000000,top
"C147","22p","CAP_NONPOL_0402",156.395000,-82.310000,-90.000000,top
"C148","0.1u","CAP_NONPOL_0402",147.570000,-101.210000,-90.000000,top
"C151","22p","CAP_NONPOL_0402",152.064999,-71.210001,-90.000000,top
"C152","100p","CAP_NONPOL_0402",148.475000,-71.610000,90.000000,top
"C153","0.1u","CAP_NONPOL_0402",149.370000,-101.210000,-90.000000,top
"C154","22u","CAP_NONPOL_0805",151.070000,-96.410000,-90.000000,top
"C155","0.1u","CAP_NONPOL_0402",147.075000,-73.410000,0.000000,top
"C156","22u","CAP_NONPOL_0805",174.969999,-102.610000,180.000000,top
"C157","100p","CAP_NONPOL_0402",169.870000,-101.560000,90.000000,top
"C158","0.1u","CAP_NONPOL_0402",174.470000,-101.060000,180.000000,top
"C160","0.1u","CAP_NONPOL_0402",166.020000,-102.010000,90.000000,top
"C162","22u","CAP_NONPOL_0805",145.870000,-100.710000,-90.000000,top
"C163","22u","CAP_NONPOL_0805",143.870000,-100.710000,-90.000000,top
"C164","0.1u","CAP_NONPOL_0402",141.370000,-94.960000,180.000000,top
"C165","22u","CAP_NONPOL_0805",137.120000,-93.110000,-90.000000,top
"C166","22u","CAP_NONPOL_0805",139.120000,-93.110000,-90.000000,top
"C167","10n","CAP_NONPOL_0402",105.614999,-112.705000,180.000000,top
"C168","0.1u","CAP_NONPOL_0402",116.270000,-133.960000,90.000000,top
"C169","0.1u","CAP_NONPOL_0402",114.770000,-121.704999,90.000000,top
"C170","0.1u","CAP_NONPOL_0402",112.570000,-109.454999,90.000000,top
"C172","22u","CAP_NONPOL_0805",110.270000,-82.110000,180.000000,top
"C173","13p","CAP_NONPOL_0402",106.109998,-134.650000,180.000000,top
"C174","13p","CAP_NONPOL_0402",104.570000,-122.410000,180.000000,top
"C175","13p","CAP_NONPOL_0402",102.370000,-110.260000,180.000000,top
"C178","22u","CAP_NONPOL_0805",123.870000,-136.310000,90.000000,top
"C179","22u","CAP_NONPOL_0805",122.370000,-119.410000,-90.000000,top
"C180","22u","CAP_NONPOL_0805",120.170000,-107.210000,-90.000000,top
"C181","22u","CAP_NONPOL_0805",123.870000,-131.510000,-90.000000,top
"C182","22u","CAP_NONPOL_0805",122.365000,-124.285000,90.000000,top
"C183","22u","CAP_NONPOL_0805",120.170000,-112.010000,90.000000,top
"C187","0.1u","CAP_NONPOL_0402",130.120000,-136.710000,90.000000,top
"C188","0.1u","CAP_NONPOL_0402",129.370000,-123.960000,-135.000000,top
"C189","0.1u","CAP_NONPOL_0402",126.370000,-112.810000,90.000000,top
"C191","1n","CAP_NONPOL_0402",126.370000,-94.210000,0.000000,top
"C192","1n","CAP_NONPOL_0402",127.520000,-101.410000,90.000000,top
"C193","1n","CAP_NONPOL_0402",125.920000,-101.410000,90.000000,top
"C195","1u","CAP_NONPOL_0805",211.270000,-132.810000,90.000000,top
"C196","10u","CAP_NONPOL_0805",213.270000,-132.810000,90.000000,top
"C197","0.1u","CAP_NONPOL_0402",209.670000,-132.410000,90.000000,top
"C198","10u","CAP_NONPOL_0805",222.865000,-132.785000,90.000000,top
"C199","1u","CAP_NONPOL_0805",224.865000,-132.785000,90.000000,top
"C200","0.1u","CAP_NONPOL_0402",226.465000,-132.385000,90.000000,top
"C201","1n","CAP_NONPOL_0402",124.320000,-101.410000,90.000000,top
"C202","0.1u","CAP_NONPOL_0402",122.570000,-90.810000,-90.000000,top
"C203","0.1u","CAP_NONPOL_0402",72.770000,-103.410000,180.000000,top
"C204","0.1u","CAP_NONPOL_0402",72.770000,-100.410000,180.000000,top
"C205","1u","CAP_NONPOL_0805",75.570000,-103.010000,-90.000000,top
"C206","1u","CAP_NONPOL_0805",92.970000,-97.660000,180.000000,top
"C207","1u","CAP_NONPOL_0805",92.970000,-95.660000,180.000000,top
"C208","0.1u","CAP_NONPOL_0402",96.970000,-91.065000,-90.000000,top
"C209","1u","CAP_NONPOL_0805",92.945000,-93.565000,0.000000,top
"C210","1u","CAP_NONPOL_0805",92.945000,-91.665000,0.000000,top
"C211","0.1u","CAP_NONPOL_0402",104.970000,-91.110000,-90.000000,top
"C212","0.1u","CAP_NONPOL_0402",100.180000,-88.815000,0.000000,top
"C213","1u","CAP_NONPOL_0805",106.570000,-90.610000,-90.000000,top
"C214","0.1u","CAP_NONPOL_0402",99.870000,-96.810000,0.000000,top
"C215","1u","CAP_NONPOL_0805",99.370000,-98.410000,0.000000,top
"C216","10u","CAP_NONPOL_0805",99.675000,-87.210000,0.000000,top
"C217","0.1u","CAP_NONPOL_0402",107.120000,-99.610000,180.000000,top
"C218","0.1u","CAP_NONPOL_0402",135.570000,-79.810000,-90.000000,top
"C219","10u","CAP_NONPOL_1210",75.420000,-129.005000,0.000000,top
"C221","0.1u","CAP_NONPOL_0402",135.570000,-73.385000,-90.000000,top
"C228","0.1u","CAP_NONPOL_0402",223.170000,-96.810000,-90.000000,top
"C229","0.1u","CAP_NONPOL_0402",183.470000,-131.010000,90.000000,top
"C230","22u","CAP_NONPOL_0805",182.770000,-136.510000,90.000000,top
"C231","0.1u","CAP_NONPOL_0402",186.770000,-136.010000,90.000000,top
"C232","0.1u","CAP_NONPOL_0402",185.570000,-136.010000,90.000000,top
"C233","0.1u","CAP_NONPOL_0402",183.970000,-122.210000,90.000000,top
"C234","0.1u","CAP_NONPOL_0402",185.070000,-118.110000,-90.000000,top
"C235","22u","CAP_NONPOL_0805",183.070000,-120.110000,0.000000,top
"C236","0.1u","CAP_NONPOL_0402",186.370000,-122.210000,90.000000,top
"C237","0.1u","CAP_NONPOL_0402",185.170000,-122.210000,90.000000,top
"C238","0.1u","CAP_NONPOL_0402",184.370000,-136.010000,90.000000,top
"C239","0.1u","CAP_NONPOL_0402",186.370000,-118.110000,-90.000000,top
"C240","0.1u","CAP_NONPOL_0402",199.320000,-56.960000,-90.000000,top
"C241","0.1u","CAP_NONPOL_0402",200.419999,-56.960000,-90.000000,top
"C242","10u","CAP_NONPOL_1210",109.370000,-116.910000,90.000000,top
"C243","10u","CAP_NONPOL_1210",107.170000,-104.610000,90.000000,top
"C245","10u","CAP_NONPOL_1210",110.870000,-129.110000,90.000000,top
"C248","10u","CAP_NONPOL_1210",85.620000,-130.210000,0.000000,top
"C252","0.1u","CAP_NONPOL_0402",88.170000,-119.310000,180.000000,top
"C253","0.1u","CAP_NONPOL_0402",195.065000,-105.810000,-90.000000,top
"D1","ESD7016MUTAG","UDFN8",178.529998,-109.310000,180.000000,top
"D2","ESD7016MUTAG","UDFN8",170.570000,-58.610000,0.000000,top
"D3","ESD7016MUTAG","UDFN8",94.970000,-57.410000,0.000000,top
"D4","ESD7016MUTAG","UDFN8",77.170000,-57.410000,0.000000,top
"D5","BAT42WS-TP","SOD-323",150.445000,-88.060000,90.000000,top
"D6","BAT42WS-TP","SOD-323",189.870000,-112.810000,90.000000,top
"D7","BAT42WS-TP","SOD-323",187.770000,-112.810000,90.000000,top
"D8","SMAJ12CA","DO-214AC",75.320000,-125.710000,0.000000,top
"D9","MMSZ5242B-TP","SOD-123",92.465001,-136.305000,-90.000000,top
"D10","BAT42WS-TP","SOD-323",211.670000,-110.225000,90.000000,top
"D11","ESD7016MUTAG","UDFN8",200.270000,-125.310000,0.000000,top
"D12","ESD7016MUTAG","UDFN8",136.470000,-54.210000,0.000000,top
"D13","ESD7016MUTAG","UDFN8",117.900000,-70.500000,0.000000,top
"D14","ESD7016MUTAG","UDFN8",111.100000,-70.570000,0.000000,top
"D15","ESD7016MUTAG","UDFN8",130.870000,-54.210000,0.000000,top
"D16","BAT42WS-TP","SOD-323",224.370000,-99.410000,90.000000,top
"D17","ESD7016MUTAG","UDFN8",148.970000,-47.210000,0.000000,top
"D18","ESD7016MUTAG","UDFN8",185.770000,-130.070000,-90.000000,top
"D19","ESD7016MUTAG","UDFN8",154.670000,-47.210000,0.000000,top
"D20","D1213A-02SOL-7","SOT-23-3",220.370000,-81.910000,90.000000,top
"D21","ESD7016MUTAG","UDFN8",158.770000,-100.810000,180.000000,top
"D22","ESD7016MUTAG","UDFN8",155.170000,-100.810000,180.000000,top
"D23","ESD7016MUTAG","UDFN8",116.070000,-88.205001,180.000000,top
"D24","BAT42WS-TP","SOD-323",148.274999,-63.310000,180.000000,top
"D25","BAT42WS-TP","SOD-323",144.975000,-70.110000,180.000000,top
"D26","BAT42WS-TP","SOD-323",144.975000,-71.910000,0.000000,top
"D27","BAT42WS-TP","SOD-323",148.274999,-65.210000,0.000000,top
"D28","BAT42WS-TP","SOD-323",140.695000,-88.410000,180.000000,top
"D30","SK34A-LTP","DO-214AC",139.620000,-101.710000,180.000000,top
"D31","MMSZ5231B","SOD-123",127.620000,-131.110000,0.000000,top
"D32","MMSZ5226B","SOD-123",126.170000,-119.210000,0.000000,top
"D33","DDZ9678-7","SOD-123",123.770000,-107.210000,0.000000,top
"D34","LTST-C190KGKT","LED_0603",123.570000,-88.810000,0.000000,top
"D35","D1213A-02SOL-7","SOT-23-3",220.370000,-85.310000,90.000000,top
"D38","LTST-C190KGKT","LED_0603",231.170000,-97.410000,180.000000,top
"D39","LTST-C190KGKT","LED_0603",231.170000,-95.810000,180.000000,top
"D40","LTST-C190KGKT","LED_0603",231.170000,-99.010000,0.000000,top
"D41","LTST-C190KGKT","LED_0603",231.170000,-100.610000,180.000000,top
"D42","D1213A-02SOL-7","SOT-23-3",207.070000,-92.080000,90.000000,top
"D43","LTST-C190KGKT","LED_0603",69.970000,-136.410000,90.000000,top
"D44","D1213A-02SOL-7","SOT-23-3",89.370000,-92.610000,-90.000000,top
"D45","D1213A-02SOL-7","SOT-23-3",90.070000,-87.510000,135.000000,top
"D46","D1213A-02SOL-7","SOT-23-3",213.385585,-88.510000,180.000000,top
"D47","LTST-C190KGKT","LED_0603",177.670000,-137.710000,0.000000,top
"D48","D1213A-02SOL-7","SOT-23-3",75.625000,-109.585000,-90.000000,top
"D49","D1213A-02SOL-7","SOT-23-3",221.820000,-93.210000,180.000000,top
"F1","MINISMDC050F-2","PTC_1812",87.370000,-69.710000,45.000000,top
"F2","MINISMDC050F-2","PTC_1812",71.895001,-69.710000,45.000000,top
"F3","MINISMDC260F/16-2","PTC_1812",80.825000,-127.610000,-90.000000,top
"F4","MINISMDC260F/16-2","PTC_1812",69.820000,-127.610000,-90.000000,top
"FID1","~","FIDUCIAL",81.725000,-106.110000,0.000000,top
"FID2","~","FIDUCIAL",224.920000,-136.735000,0.000000,top
"FID3","~","FIDUCIAL",70.820000,-57.610000,0.000000,top
"FID4","~","FIDUCIAL",223.545000,-41.985000,0.000000,top
"FID5","~","FIDUCIAL",131.620000,-99.010000,0.000000,top
"FID6","~","FIDUCIAL",175.195000,-58.485000,0.000000,top
"HOLE1","MTG_hole_cir_5mm_pad_3mm_drill","MTG_hole_cir_5mm_pad_3mm_drill",63.220000,-126.730000,0.000000,top
"HOLE2","MTG_hole_cir_5mm_pad_3mm_drill","MTG_hole_cir_5mm_pad_3mm_drill",63.220000,-51.110000,0.000000,top
"HOLE3","MTG_hole_cir_5mm_pad_3mm_drill","MTG_hole_cir_5mm_pad_3mm_drill",237.120000,-126.730000,0.000000,top
"HOLE4","MTG_hole_cir_5mm_pad_3mm_drill","MTG_hole_cir_5mm_pad_3mm_drill",237.120000,-51.110000,0.000000,top
"ITEM1","Raspberry PI CM4 and CM5 symbol","rPI_CM4_CM5",205.350000,-58.770000,180.000000,top
"J1","DM3AT-SF-PEJM5","DM3AT-SF-PEJM5",169.070000,-47.260000,180.000000,top
"J2","0484050003","0484050003",95.120000,-47.110000,180.000000,top
"J3","0484050003","0484050003",77.120000,-47.110000,180.000000,top
"J4","2086581001","2086581001",133.570000,-45.615000,180.000000,top
"J5","0826-1X1T-32-F","0826-1X1T-32-F",114.140000,-52.360000,0.000000,top
"J7","2998TR","2998TR",228.170000,-107.610000,-90.000000,top
"J8","62684-402100ALF","62684-402100ALF",154.970000,-106.747500,0.000000,top
"J9","5051101092","5051101092",115.620000,-92.535000,0.000000,top
"J10","PR20206VBNN","HEADER_6P_2_54MM",178.099999,-112.010000,180.000000,top
"J11","MIKROE-4247","MIKROBUS_SOCKET_TH",218.070000,-124.549999,-90.000000,top
"J12","RPI_CMx_B","DF40HC(3.0)-100DS-0.4V",207.850000,-41.770000,0.000000,top
"J13","SJ-3523-SMT-TR","SJ-352X-SMT",77.269999,-94.160000,-90.000000,top
"J14","SJ-3523-SMT-TR","SJ-352X-SMT",77.270000,-82.710000,-90.000000,top
"J15","694106301002","694106301002",74.870000,-118.510000,-90.000000,top
"J16","12401598E4#2A","12401598E4#2A",226.912500,-85.000000,90.000000,top
"J17","5051102291","5051102291",151.820000,-41.697500,180.000000,top
"J19","RPI_CMx_A","DF40HC(3.0)-100DS-0.4V",207.850000,-75.770000,0.000000,top
"J21","61300311121","HEADER_3P_2_54MM",214.785585,-94.438427,0.000000,top
"J22","61300311121","HEADER_3P_2_54MM",214.780000,-91.610000,0.000000,top
"J23","MDT420M03001","MDT420M03001",190.800000,-127.260000,-90.000000,top
"J24","SM04B-SRSS-TB","SM04B-SRSS-TB",70.620000,-108.410000,-90.000000,top
"L1","PA5003.332NLT","PA5003",119.870000,-133.960000,0.000000,top
"L2","PA5003.222NLT","PA5003",118.370000,-121.810000,0.000000,top
"L3","PA5003.152NLT","PA5003",116.170000,-109.610000,0.000000,top
"L4","PA5003.332NLT","PA5003",146.345000,-86.910000,180.000000,top
"L5","PA5003.472NLT","PA5003",137.120000,-97.460000,-90.000000,top
"L6","CM7060P701R-10","CM7060",75.515001,-134.905000,90.000000,top
"MTG1","9774030951R","9774030151R",229.350000,-42.270000,0.000000,top
"MTG2","9774030951R","9774030151R",181.350000,-42.270000,0.000000,top
"MTG3","9774030951R","9774030151R",181.350001,-75.270000,0.000000,top
"MTG4","9774030951R","9774030151R",229.350002,-75.270001,0.000000,top
"MTG9","9774025243R","9774025243R",132.545000,-127.260000,0.000000,top
"Q1","DMPH6050SK3-13","TO-252-3",85.415001,-135.405000,90.000000,top
"Q2","2N7002","SOT-23-3",92.620000,-129.210000,180.000000,top
"Q3","2N7002","SOT-23-3",94.870000,-125.710000,90.000000,top
"Q4","2N7002","SOT-23-3",153.470000,-53.110000,-90.000000,top
"Q5","2N7002","SOT-23-3",150.170000,-53.110000,90.000000,top
"Q6","2N7002","SOT-23-3",154.670000,-56.510000,180.000000,top
"Q7","2N7002","SOT-23-3",101.620000,-130.710000,-90.000000,top
"Q8","2N7002","SOT-23-3",127.570000,-91.210000,0.000000,top
"Q9","2N7002","SOT-23-3",132.570000,-87.410000,180.000000,top
"Q10","SSM3K56FS,LF","SC-75",164.895000,-86.110000,90.000000,top
"Q11","SSM3K56FS,LF","SC-75",164.895000,-82.810000,90.000000,top
"Q12","2N7002","SOT-23-3",221.170000,-69.910000,180.000000,top
"Q13","2N7002","SOT-23-3",128.770000,-87.410000,0.000000,top
"Q14","2N7002","SOT-23-3",144.295000,-78.110000,-90.000000,top
"Q15","2N7002","SOT-23-3",144.095000,-81.610000,180.000000,top
"Q16","DMP3030SN-7","SOT-23-3",141.895000,-85.760000,180.000000,top
"Q18","MMBT3904-7-F","SOT-23-3",152.275000,-67.709999,90.000000,top
"Q19","2N7002","SOT-23-3",93.870000,-118.960000,0.000000,top
"Q20","2N7002","SOT-23-3",94.870000,-122.210000,0.000000,top
"Q21","2N7002","SOT-23-3",215.170000,-106.710000,0.000000,top
"Q22","SSM3K56FS,LF","SC-75",216.570000,-66.010000,0.000000,top
"Q23","SSM3K56FS,LF","SC-75",213.970000,-66.210000,90.000000,top
"Q24","2N7002","SOT-23-3",93.870000,-115.710000,0.000000,top
"Q25","2N7002","SOT-23-3",202.870000,-109.010000,-90.000000,top
"Q26","2N7002","SOT-23-3",207.770000,-108.010000,0.000000,top
"R1","10K","RES_0402",182.770000,-93.810000,180.000000,top
"R2","22R","RES_0402",207.570000,-70.610000,90.000000,top
"R3","22R","RES_0402",184.870000,-97.360000,180.000000,top
"R4","22R","RES_0402",202.470000,-96.410000,0.000000,top
"R5","10K","RES_0402",189.865000,-107.910000,-90.000000,top
"R6","10K","RES_0402",188.565000,-107.910000,-90.000000,top
"R7","30K1","RES_0402",180.270000,-92.510000,180.000000,top
"R8","10K","RES_0402",181.970000,-92.010000,-90.000000,top
"R9","10K","RES_0402",147.220000,-51.935000,180.000000,top
"R10","10K","RES_0402",151.670000,-55.410000,180.000000,top
"R11","10K","RES_0402",157.470000,-55.510000,0.000000,top
"R12","10K","RES_0402",155.370000,-60.010000,0.000000,top
"R13","0R","RES_0402",155.375000,-58.815000,0.000000,top
"R14","1Meg","RES_0402",158.365000,-58.314999,-90.000000,top
"R15","10K","RES_0402",160.270000,-56.210000,0.000000,top
"R16","10K","RES_0402",89.770000,-96.010000,0.000000,top
"R17","10K","RES_0402",89.770000,-97.210000,0.000000,top
"R18","4K7","RES_0402",69.975000,-133.310000,90.000000,top
"R19","10K","RES_0402",208.770000,-70.610000,90.000000,top
"R20","22R","RES_0402",201.570000,-70.610000,90.000000,top
"R21","100K","RES_0402",96.620000,-114.710000,180.000000,top
"R22","10K","RES_0402",208.270000,-104.410000,180.000000,top
"R23","22R","RES_0402",198.965000,-105.810000,-90.000000,top
"R24","0R","RES_0402",214.370000,-103.010000,0.000000,top
"R25","10K","RES_0402",96.620000,-117.960000,0.000000,top
"R26","10K","RES_0402",91.370000,-120.210000,-90.000000,top
"R27","10K","RES_0402",91.870000,-121.960000,180.000000,top
"R28","0R","RES_0402",214.370000,-101.810000,180.000000,top
"R29","0R","RES_0402",91.870000,-123.210000,180.000000,top
"R30","1Meg","RES_0402",213.370000,-110.725000,-90.000000,top
"R31","10K","RES_0402",215.375000,-104.310000,0.000000,top
"R32","0R","RES_0402",75.570000,-61.510000,-90.000000,top
"R33","0R","RES_0402",76.770000,-61.510000,-90.000000,top
"R34","0R","RES_0402",72.470000,-61.510000,-90.000000,top
"R35","0R","RES_0402",73.670000,-61.510000,-90.000000,top
"R36","0R","RES_0402",78.665000,-61.510000,-90.000000,top
"R37","0R","RES_0402",79.870000,-61.510000,-90.000000,top
"R38","0R","RES_0402",93.770000,-61.510000,-90.000000,top
"R39","0R","RES_0402",94.970000,-61.510000,-90.000000,top
"R40","0R","RES_0402",90.670000,-61.510000,-90.000000,top
"R41","0R","RES_0402",91.870000,-61.510000,-90.000000,top
"R42","0R","RES_0402",96.870000,-61.510000,-90.000000,top
"R43","0R","RES_0402",98.070000,-61.510000,-90.000000,top
"R44","0R","RES_0402",77.565000,-69.585000,-90.000000,top
"R45","0R","RES_0402",75.965000,-70.585000,0.000000,top
"R46","10K","RES_0402",78.765000,-69.585000,-90.000000,top
"R47","10K","RES_0402",75.965000,-71.785000,0.000000,top
"R48","10K","RES_0402",82.165000,-74.185000,0.000000,top
"R49","10K","RES_0402",76.965000,-74.185000,180.000000,top
"R50","1K6","RES_0402",102.370000,-74.010000,-135.000000,top
"R51","10K","RES_0402",87.820000,-73.560000,180.000000,top
"R52","10K","RES_0402",119.370000,-76.810000,180.000000,top
"R53","1Meg","RES_0402",102.870000,-78.160000,90.000000,top
"R54","10K","RES_0402",119.370000,-78.210000,0.000000,top
"R55","10K","RES_0402",109.170000,-75.405000,0.000000,top
"R56","10K","RES_0402",109.170000,-76.805000,0.000000,top
"R57","10K","RES_0402",119.370000,-79.610000,180.000000,top
"R58","0R","RES_0603",68.120000,-51.710000,-90.000000,top
"R59","0R","RES_0603",86.120000,-51.710000,-90.000000,top
"R60","22R","RES_0402",92.970000,-83.210000,45.000000,top
"R61","10K","RES_0402",87.420000,-75.310000,0.000000,top
"R62","10K","RES_0402",192.465000,-107.910000,-90.000000,top
"R63","10K","RES_0402",180.270000,-105.610000,180.000000,top
"R64","100K","RES_0402",183.175000,-106.104999,90.000000,top
"R65","10K","RES_0402",180.270000,-103.410000,180.000000,top
"R66","10K","RES_0402",183.170000,-103.910000,90.000000,top
"R67","0R","RES_0402",180.270000,-101.310000,180.000000,top
"R68","10K","RES_0402",183.170000,-101.710000,90.000000,top
"R69","10K","RES_0402",195.065002,-107.931321,-90.000000,top
"R70","0R","RES_0402",180.270000,-98.710000,180.000000,top
"R71","10K","RES_0402",183.170000,-98.210000,-90.000000,top
"R72","10K","RES_0402",197.665000,-105.810000,90.000000,top
"R73","1Meg","RES_0402",202.870000,-98.210000,-90.000000,top
"R74","10K","RES_0402",184.870000,-98.710000,180.000000,top
"R75","10K","RES_0402",184.870000,-101.310000,180.000000,top
"R76","10K","RES_0402",184.870000,-103.410000,180.000000,top
"R77","10K","RES_0402",184.870000,-105.610000,180.000000,top
"R78","10K","RES_0402",184.870000,-92.510000,180.000000,top
"R79","22R","RES_0402",184.870000,-96.060000,180.000000,top
"R80","22R","RES_0402",191.165000,-105.810000,-90.000000,top
"R81","22R","RES_0402",192.465000,-105.810000,-90.000000,top
"R82","22R","RES_0402",196.365000,-105.810000,-90.000000,top
"R83","4K7","RES_0402",218.870000,-113.510000,180.000000,top
"R84","22R","RES_0402",193.765000,-105.810000,-90.000000,top
"R85","10K","RES_0402",188.070000,-88.310000,90.000000,top
"R86","22R","RES_0402",199.705530,-88.310000,90.000000,top
"R87","10K","RES_0402",202.533959,-100.010000,180.000000,top
"R88","0R","RES_0402",73.675000,-63.504999,90.000000,top
"R89","10K","RES_0402",202.470000,-92.510000,0.000000,top
"R90","22R","RES_0402",125.570000,-75.985000,180.000000,top
"R91","10K","RES_0402",175.070000,-80.410000,180.000000,top
"R92","10K","RES_0402",175.070000,-81.610000,0.000000,top
"R93","10K","RES_0402",177.164999,-81.605000,180.000000,top
"R94","10K","RES_0402",171.970000,-82.410000,-90.000000,top
"R95","0R","RES_0402",177.170000,-82.810000,180.000000,top
"R96","0R","RES_0402",169.869999,-90.460000,0.000000,top
"R97","0R","RES_0402",170.370000,-82.810000,0.000000,top
"R98","4K7","RES_0402",164.595000,-81.210000,0.000000,top
"R99","4K7","RES_0402",166.795000,-82.810000,-90.000000,top
"R100","10K","RES_0402",169.470000,-79.910000,90.000000,top
"R101","0R","RES_0603",124.570000,-53.310000,-90.000000,top
"R102","4K7","RES_0402",164.595000,-84.510000,0.000000,top
"R103","4K7","RES_0402",166.795000,-86.110000,-90.000000,top
"R104","10K","RES_0402",137.570000,-59.110000,0.000000,top
"R105","10K","RES_0402",139.770000,-53.910000,180.000000,top
"R106","0R","RES_0603",143.770000,-46.110000,180.000000,top
"R107","470R","RES_0402",108.020000,-70.360000,90.000000,top
"R108","470R","RES_0402",122.270000,-70.610000,90.000000,top
"R109","0R","RES_0402",121.120000,-70.610000,90.000000,top
"R110","10K","RES_0402",93.770000,-84.010000,-135.000000,top
"R111","4K7","RES_0402",77.825000,-107.785000,90.000000,top
"R112","10K","RES_0402",203.570000,-83.010000,-90.000000,top
"R113","10K","RES_0402",203.570000,-80.810000,-90.000000,top
"R114","10K","RES_0402",197.170000,-88.310000,90.000000,top
"R115","22R","RES_0402",201.170000,-80.810000,-90.000000,top
"R116","10K","RES_0402",202.375000,-80.810000,90.000000,top
"R117","0R","RES_0402",72.470000,-63.510000,90.000000,top
"R118","22R","RES_0402",204.770000,-80.810000,-90.000000,top
"R119","10K","RES_0402",205.970000,-80.810000,-90.000000,top
"R120","0R","RES_0402",79.870000,-63.510000,90.000000,top
"R121","22R","RES_0402",207.170000,-80.810000,-90.000000,top
"R122","22R","RES_0402",125.570000,-77.385000,180.000000,top
"R123","22R","RES_0402",135.970000,-77.985000,0.000000,top
"R124","4K7","RES_0402",77.825000,-109.985000,90.000000,top
"R125","22R","RES_0402",208.370000,-80.810000,-90.000000,top
"R126","22R","RES_0402",210.770000,-80.810000,-90.000000,top
"R127","4K7","RES_0402",220.970000,-113.510000,0.000000,top
"R128","10K","RES_0402",160.770000,-88.310000,180.000000,top
"R129","0R","RES_0603",67.370000,-53.960000,0.000000,top
"R130","0R","RES_0603",232.770000,-126.715000,180.000000,top
"R131","0R","RES_0603",232.670000,-51.115000,180.000000,top
"R132","10K","RES_0402",220.375000,-77.110000,0.000000,top
"R133","1K","RES_0402",213.770000,-109.025000,180.000000,top
"R134","10K","RES_0402",218.770000,-65.210000,0.000000,top
"R135","0R","RES_0402",78.670000,-63.504999,90.000000,top
"R136","0R","RES_0402",94.970000,-63.510000,90.000000,top
"R137","22R","RES_0402",211.970000,-80.810000,-90.000000,top
"R138","10K","RES_0402",209.570000,-80.810000,-90.000000,top
"R139","22R","RES_0402",221.170000,-67.660000,180.000000,top
"R140","22R","RES_0402",199.170000,-70.610000,90.000000,top
"R141","22R","RES_0402",200.370000,-70.610000,90.000000,top
"R142","10K","RES_0402",216.570000,-68.010000,180.000000,top
"R143","22R","RES_0402",202.770000,-70.610000,90.000000,top
"R144","0R","RES_0402",93.770000,-63.510000,90.000000,top
"R145","0R","RES_0402",91.870000,-63.510000,90.000000,top
"R146","22R","RES_0402",203.970000,-70.610000,90.000000,top
"R147","10K","RES_0402",205.170000,-70.610000,-90.000000,top
"R148","22R","RES_0402",206.370000,-70.610000,90.000000,top
"R150","0R","RES_0402",90.670000,-63.510000,90.000000,top
"R151","0R","RES_0402",210.570000,-70.010000,180.000000,top
"R152","0R","RES_0402",210.570000,-71.210000,180.000000,top
"R153","10K","RES_0402",205.270000,-108.510000,90.000000,top
"R154","22R","RES_0402",220.370000,-74.410000,0.000000,top
"R155","22R","RES_0402",223.365001,-77.430000,180.000000,top
"R156","10K","RES_0402",214.220000,-68.010000,0.000000,top
"R157","0R","RES_0402",190.620000,-42.205000,180.000000,top
"R158","30K1","RES_0402",223.770000,-102.410000,90.000000,top
"R159","1K","RES_0402",91.370000,-115.210000,-90.000000,top
"R160","0R","RES_0402",190.605001,-39.710000,180.000000,top
"R161","0R","RES_0402",190.620000,-40.955000,180.000000,top
"R162","0R","RES_0402",199.320000,-60.904999,90.000000,top
"R163","0R","RES_0402",200.520000,-60.904998,90.000000,top
"R164","0R","RES_0402",202.970000,-60.910000,90.000000,top
"R165","0R","RES_0402",204.170000,-60.910000,90.000000,top
"R166","0R","RES_0402",206.520000,-60.910000,90.000000,top
"R167","0R","RES_0402",207.720000,-60.910000,90.000000,top
"R168","0R","RES_0402",192.670000,-42.210000,0.000000,top
"R169","0R","RES_0402",192.670000,-39.710000,0.000000,top
"R170","0R","RES_0402",192.670000,-40.960000,0.000000,top
"R171","0R","RES_0402",199.320000,-62.910000,-90.000000,top
"R172","0R","RES_0402",200.520000,-62.904999,-90.000000,top
"R173","0R","RES_0402",202.970000,-62.910000,-90.000000,top
"R174","0R","RES_0402",204.170000,-62.910000,-90.000000,top
"R175","0R","RES_0402",206.520000,-62.904999,-90.000000,top
"R176","0R","RES_0402",207.720000,-62.910000,-90.000000,top
"R177","6K04","RES_0402",186.520000,-60.410000,0.000000,top
"R178","10K","RES_0402",184.920000,-59.910000,-90.000000,top
"R179","10K","RES_0402",202.470000,-93.810000,0.000000,top
"R180","0R","RES_0402",98.070000,-63.510000,90.000000,top
"R181","5K1","RES_0402",220.575000,-87.710000,0.000000,top
"R182","5K1","RES_0402",220.575000,-88.915000,0.000000,top
"R183","0R","RES_0402",96.870000,-63.510000,90.000000,top
"R184","10K","RES_0402",155.670000,-52.110000,-90.000000,top
"R185","10K","RES_0402",141.895000,-78.110000,90.000000,top
"R186","10K","RES_0402",145.295000,-75.310000,90.000000,top
"R187","10K","RES_0402",146.600000,-82.110000,90.000000,top
"R189","10K","RES_0402",163.370000,-100.960000,-90.000000,top
"R190","10K","RES_0402",161.720000,-101.410000,180.000000,top
"R191","0R","RES_0402",76.770000,-63.510000,90.000000,top
"R192","10K","RES_0402",146.595000,-75.910000,90.000000,top
"R193","34K","RES_0402",155.200000,-84.510000,90.000000,top
"R194","169K","RES_0402",141.295000,-83.510000,180.000000,top
"R195","10K","RES_0402",152.070000,-99.210000,-90.000000,top
"R196","10K","RES_0402",155.195000,-82.310000,-90.000000,top
"R197","86K6","RES_0402",157.600000,-82.310000,90.000000,top
"R198","10K","RES_0402",148.470000,-99.210000,-90.000000,top
"R199","10K","RES_0402",151.369999,-72.905000,180.000000,top
"R200","169K","RES_0402",150.870000,-71.210001,-90.000000,top
"R201","6K81","RES_0402",154.575001,-67.810000,90.000000,top
"R202","475K","RES_0402",149.675000,-71.610000,90.000000,top
"R203","82K5","RES_0402",149.225000,-73.410000,0.000000,top
"R204","6K81","RES_0402",150.270000,-99.210000,-90.000000,top
"R205","10K","RES_0402",155.095000,-75.710000,90.000000,top
"R206","4K7","RES_0402",168.670000,-101.560000,-90.000000,top
"R207","2K2","RES_0402",170.369999,-103.510000,180.000000,top
"R208","10K","RES_0402",143.370000,-96.710000,90.000000,top
"R209","1R5","RES_0603",147.170000,-96.810000,-90.000000,top
"R210","1R5","RES_0603",145.570000,-96.810000,-90.000000,top
"R211","0R","RES_0402",75.570000,-63.510000,90.000000,top
"R214","10K","RES_0402",202.533958,-103.910000,0.000000,top
"R215","10K","RES_0402",158.870000,-47.010000,180.000000,top
"R216","4K7","RES_0402",225.670000,-128.310000,180.000000,top
"R218","4K7","RES_0402",225.670000,-125.810000,180.000000,top
"R219","22R","RES_0402",202.470000,-95.110000,0.000000,top
"R220","22R","RES_0402",202.533959,-101.315000,0.000000,top
"R221","22R","RES_0402",202.533958,-102.615000,0.000000,top
"R222","22R","RES_0402",190.670000,-88.310000,90.000000,top
"R223","22R","RES_0402",189.370000,-88.310000,90.000000,top
"R226","22R","RES_0402",195.870000,-88.310000,90.000000,top
"R227","22R","RES_0402",191.970000,-88.310000,90.000000,top
"R228","22R","RES_0402",202.470000,-91.210000,0.000000,top
"R229","12K","RES_0402",94.620000,-138.210000,180.000000,top
"R230","10K","RES_0402",90.870000,-124.955000,90.000000,top
"R231","10K","RES_0402",92.365000,-124.955000,-90.000000,top
"R232","10K","RES_0402",208.270000,-105.710000,0.000000,top
"R233","0R","RES_0402",92.620000,-131.460000,0.000000,top
"R234","100K","RES_0402",97.620000,-124.710000,0.000000,top
"R235","100K","RES_0402",99.870000,-124.710000,0.000000,top
"R237","100K","RES_0402",101.120000,-136.210000,90.000000,top
"R240","30K1","RES_0402",102.620000,-127.960000,90.000000,top
"R241","10K","RES_0402",196.365000,-107.914999,-90.000000,top
"R242","22R","RES_0402",203.770000,-111.860000,90.000000,top
"R243","22R","RES_0402",225.620000,-118.210000,0.000000,top
"R244","22R","RES_0402",225.620000,-120.710000,0.000000,top
"R245","10K","RES_0402",210.370000,-120.710000,0.000000,top
"R246","10K","RES_0402",97.370000,-121.710000,-90.000000,top
"R248","100K","RES_0402",101.420000,-106.160000,-90.000000,top
"R249","10K","RES_0402",128.120000,-107.710000,-90.000000,top
"R250","33K","RES_0402",106.920000,-81.010000,0.000000,top
"R251","30K1","RES_0402",104.920000,-81.010000,0.000000,top
"R252","124K","RES_0402",106.114999,-133.405000,180.000000,top
"R253","73K2","RES_0402",104.570000,-121.210000,180.000000,top
"R254","30K1","RES_0402",102.370000,-109.060000,180.000000,top
"R255","22K1","RES_0402",106.114999,-132.155000,180.000000,top
"R256","22K1","RES_0402",104.570000,-120.010000,180.000000,top
"R257","22K1","RES_0402",102.370000,-107.860000,180.000000,top
"R258","10K","RES_0402",106.920000,-79.860000,0.000000,top
"R260","10K","RES_0402",130.865000,-131.714999,-90.000000,top
"R261","10K","RES_0402",129.370000,-119.710000,-90.000000,top
"R262","10K","RES_0402",126.970000,-107.710000,-90.000000,top
"R263","0R010","RES_SENSE_1206",127.620000,-133.960000,0.000000,top
"R264","0R010","RES_SENSE_1206",126.120000,-122.010000,0.000000,top
"R265","0R010","RES_SENSE_1206",123.770000,-110.010000,0.000000,top
"R267","1K","RES_0402",128.570000,-97.010000,0.000000,top
"R268","10K","RES_0402",126.370000,-95.610000,0.000000,top
"R269","10K","RES_0402",123.170000,-97.010000,180.000000,top
"R270","10K","RES_0402",135.170000,-87.010000,90.000000,top
"R271","10K","RES_0402",126.370000,-88.010000,90.000000,top
"R272","10K","RES_0402",126.370000,-85.810000,-90.000000,top
"R273","470R","RES_0402",124.570000,-90.810000,90.000000,top
"R275","2K2","RES_0402",72.770000,-101.960000,0.000000,top
"R276","22R","RES_0402",109.070000,-93.460000,90.000000,top
"R277","22R","RES_0402",101.770000,-97.810000,90.000000,top
"R279","10K","RES_0402",107.360001,-95.170001,-90.000000,top
"R281","22R","RES_0402",125.570000,-74.585000,180.000000,top
"R283","470R","RES_0402",226.565000,-95.810000,0.000000,top
"R284","470R","RES_0402",226.570000,-97.415000,0.000000,top
"R285","470R","RES_0402",226.570000,-99.015000,0.000000,top
"R286","470R","RES_0402",174.970000,-137.710000,0.000000,top
"R287","470R","RES_0402",226.565000,-100.610000,0.000000,top
"R288","22R","RES_0402",185.670000,-134.070000,0.000000,top
"R289","10K","RES_0402",181.170000,-133.370000,90.000000,top
"R290","0R","RES_0402",119.564999,-88.205000,-90.000000,top
"R305","0R","RES_1206",134.770000,-92.610000,-90.000000,top
"R306","0R","RES_1206",131.970000,-92.610000,-90.000000,top
"R307","22R","RES_0402",135.970000,-76.585000,0.000000,top
"R308","22R","RES_0402",135.970000,-75.185000,0.000000,top
"R309","22R","RES_0402",125.570000,-81.010000,180.000000,top
"R310","22R","RES_0402",125.570000,-82.410000,180.000000,top
"R311","22R","RES_0402",125.570000,-83.810000,180.000000,top
"R312","22R","RES_0402",135.970000,-84.410000,0.000000,top
"R313","22R","RES_0402",135.970000,-83.010000,0.000000,top
"R314","22R","RES_0402",135.970000,-81.610000,0.000000,top
"R315","0R010","RES_SENSE_1206",85.570000,-121.710000,90.000000,top
"S1","KSR233G LFG","Y35A23310FPLFG",228.000000,-92.810000,180.000000,top
"S2","KSR233G LFG","Y35A23310FPLFG",200.470000,-134.710000,90.000000,top
"U1","PIC32AK1216GC41064-I/M7","64-VQFN-EP(9x9mm)",193.770000,-97.110000,0.000000,top
"U2","ECS-2016MVQ-120-BP-TR","4-SMD_2mmx1_6mm",105.945000,-97.835000,180.000000,top
"U3","SE555DR","SOIC-8-150mil",97.120000,-131.460000,180.000000,top
"U4","AP22913W6-7","SOT-23-6",160.570000,-60.010000,180.000000,top
"U6","SST25VF512A","SOIC-8-150mil",114.170000,-77.410000,-90.000000,top
"U7","UPD720202K8-711-BAA-A","48-VFQFN-EP",95.844874,-76.710000,45.000000,top
"U8","AP2192AFGEG-7","U-DFN3030-8",79.565000,-72.785000,180.000000,top
"U9","TPS54527DDAR","SO-8-150mil-EP",111.470000,-134.060000,0.000000,top
"U10","TPS54527DDAR","SO-8-150mil-EP",109.970000,-121.860000,0.000000,top
"U11","TPS54527DDAR","SO-8-150mil-EP",107.770000,-109.610000,0.000000,top
"U12","TPS7A7001DDAR","SO-8-150mil-EP",106.270000,-85.335000,90.000000,top
"U13","INA180A2IDBVR","SOT-23-5",127.620000,-137.210000,-90.000000,top
"U14","INA180A2IDBVR","SOT-23-5",126.170000,-125.210000,-90.000000,top
"U15","SN65DSI84ZXHR","NFBGA-64",174.070000,-87.610000,-90.000000,top
"U16","SN74LVC1G125DBVR","SOT-23-5",171.970000,-79.460000,-90.000000,top
"U18","AP22913W6-7","SOT-23-6",140.570000,-58.110000,-90.000000,top
"U19","SN74LVC1G125DBVR","SOT-23-5",223.370000,-75.110000,-90.000000,top
"U20","STWD100NYWY3F","SOT-23-5",211.370000,-104.010000,90.000000,top
"U21","MCP7940NT-I/MS","MSOP-8",220.370000,-107.810000,180.000000,top
"U22","FSUSB42UMX","10-UMLP",181.670000,-61.260000,-90.000000,top
"U23","AP22913W6-7","SOT-23-6",158.170000,-51.610000,-90.000000,top
"U24","MAX16928CGUP/V+","TSSOP-20-EP",150.895000,-79.060000,90.000000,top
"U25","TPS79901DRVR","WSON-6-EP",171.945000,-101.760000,0.000000,top
"U26","TPS61169DCKR","SC-70-5",141.370000,-97.460000,0.000000,top
"U27","AP22913W6-7","SOT-23-6",157.870000,-91.085000,90.000000,top
"U28","INA180A2IDBVR","SOT-23-5",123.770000,-113.210000,-90.000000,top
"U30","STM6710DWB6F","SOT-23-6",125.920000,-98.210000,0.000000,top
"U31","SN74LVC1G125DBVR","SOT-23-5",123.570000,-93.810000,0.000000,top
"U32","SN74HCS365QPWRQ1","TSSOP-16-5.8mm",130.770000,-75.585000,0.000000,top
"U33","SGTL5000XNBA3R2","32-HPQFN",100.975000,-92.865000,-90.000000,top
"U35","SN74HCS365QPWRQ1","TSSOP-16-5.8mm",130.770000,-82.010000,0.000000,top
"U36","INA180A2IDBVR","SOT-23-5",88.670000,-121.710000,0.000000,top
"U37","SN74LVC1G14DBVR","SOT-23-5",220.770000,-98.210000,-90.000000,top
"U38","ASAK-32.768KHZ-LRS-T","4-SMD_2mmx1_6mm",182.970000,-133.370000,-90.000000,top
"X1","CMM-3729AT-42308-TR","CMM-3729AT-42308-TR",69.450000,-102.061000,-90.000000,top
"Y1","24MHz","4-SMD_2mmx1_6mm",105.945000,-73.685000,0.000000,top
"Y2","32.768kHz","2-SMD_3_2mmx1_5mm",220.770000,-101.210000,0.000000,top
"Y3","20MHz","4-SMD_2mmx1_6mm",207.270000,-98.310000,-135.000000,top
